#,Name,Team,W,L,ERA,G,GS,SV,HLD,BS,IP,TBF,H,R,ER,HR,BB,IBB,HBP,SO,SO%
1,Tarik Skubal,DET,8,3,2.56,17,17,,,,107,419,84,33,30,9,19,,3,129,0.308
2,Cristopher Sánchez,PHI,8,3,3,19,19,,,,119,488,106,43,40,9,27,,3,123,0.252
3,Paul Skenes,PIT,9,4,2.82,20,20,,,,112,450,90,38,35,10,28,,4,129,0.287
4,Logan Webb,SFG,9,5,3.23,19,19,,,,120,494,112,47,43,9,27,,4,113,0.229
5,Garrett Crochet,BOS,9,4,3.05,17,17,,,,100,412,86,37,34,11,28,,4,123,0.299
6,Yoshinobu Yamamoto,LAD,9,5,3.5,18,18,,,,110,440,87,46,43,12,27,,4,117,0.266
7,Max Fried,NYY,9,5,3.33,18,18,,,,108,445,94,43,40,8,32,,4,97,0.218
8,Dylan Cease,TOR,7,4,3.47,19,19,,,,104,436,84,44,40,11,41,,3,128,0.294
9,Bryan Woo,SEA,8,5,3.33,18,18,,,,105,420,87,42,39,12,21,,5,106,0.252
10,Jesús Luzardo,PHI,7,5,3.78,18,18,,,,106,442,95,48,45,12,32,,3,119,0.269
11,Joe Ryan,MIN,7,5,3.59,18,18,,,,99,403,85,43,40,12,23,,6,109,0.27
12,Kevin Gausman,TOR,7,5,3.65,18,18,,,,105,438,99,46,43,13,27,,1,102,0.233
13,Ranger Suarez,BOS,7,5,3.52,18,18,,,,100,426,98,43,39,9,30,,3,90,0.211
14,Jacob Misiorowski,MIL,7,4,3.34,18,17,,,,87,357,64,35,32,9,33,,7,115,0.322
15,Cam Schlittler,NYY,7,4,3.54,18,17,,,,90,373,78,38,35,9,28,,3,96,0.257
16,Chris Sale,ATL,7,3,3.19,15,14,,,,85,347,73,33,30,9,23,,6,102,0.294
17,Hunter Brown,HOU,7,3,3.03,15,14,,,,85,351,69,31,29,7,29,,3,94,0.268
18,George Kirby,SEA,7,5,3.73,18,18,,,,100,410,95,45,41,11,20,,4,93,0.227
19,Shane McClanahan,TBR,6,4,3.19,15,15,,,,79,324,67,30,28,8,23,,1,82,0.253
20,MacKenzie Gore,TEX,6,6,4.08,19,19,,,,100,426,88,49,45,11,40,,5,113,0.265
21,Andrew Abbott,CIN,5,6,4.27,20,20,,,,106,456,106,55,50,14,34,,2,91,0.2
22,Chase Burns,CIN,5,4,3.91,18,15,,,,75,313,67,35,33,10,22,,0,89,0.284
23,Sonny Gray,BOS,7,5,3.83,17,17,,,,95,404,94,44,41,11,27,,4,95,0.235
24,Logan Gilbert,SEA,6,4,3.61,19,19,,,,104,424,89,45,42,14,26,,4,111,0.262
25,Framber Valdez,DET,7,6,3.82,18,18,,,,110,466,102,51,47,10,38,,6,95,0.204
26,Jacob deGrom,TEX,6,5,3.73,17,17,,,,94,380,79,42,39,15,22,,1,104,0.274
27,Nick Martinez,TBR,7,6,3.82,25,15,,,,97,410,98,45,41,9,25,,3,70,0.171
28,Freddy Peralta,NYM,7,6,3.96,20,20,,,,105,441,88,50,46,13,41,,4,113,0.256
29,Zack Wheeler,PHI,5,3,3.53,13,13,,,,79,326,69,34,31,9,21,,3,81,0.248
30,Braxton Ashcraft,PIT,5,4,3.46,20,13,,,,80,334,76,33,31,8,21,,4,79,0.237
31,José Soriano,LAA,6,6,4.07,19,16,,,,95,409,84,47,43,8,42,,6,95,0.232
32,Drew Rasmussen,TBR,5,4,3.67,19,19,,,,93,384,84,41,38,11,23,,2,82,0.214
33,David Peterson,NYM,5,5,3.99,18,16,,,,95,411,92,46,42,7,37,,5,87,0.212
34,Sandy Alcantara,MIA,6,6,4.23,17,17,,,,107,447,102,54,50,12,29,,5,84,0.188
35,Reid Detmers,LAA,5,5,4.09,24,13,,,,80,337,70,40,37,9,27,,4,92,0.273
36,Davis Martin,CHW,5,5,3.92,17,16,,,,87,366,82,41,38,9,26,,4,76,0.208
37,Gavin Williams,CLE,7,5,3.54,18,18,,,,100,420,85,43,39,12,38,,4,107,0.255
38,Mitch Keller,PIT,6,6,3.96,19,19,,,,103,441,103,49,46,11,32,,6,89,0.202
39,Aaron Nola,PHI,5,6,4.41,16,16,,,,92,385,89,49,45,14,24,,2,91,0.236
40,Taj Bradley,MIN,5,5,4.14,17,17,,,,93,397,87,47,43,12,33,,3,92,0.232
41,Michael Wacha,KCR,6,6,4.24,17,17,,,,99,421,96,51,47,12,31,,3,82,0.195
42,Will Warren,NYY,5,5,4.27,18,18,,,,93,394,86,48,44,12,32,,3,94,0.239
43,Clay Holmes,NYM,7,5,3.84,17,15,,,,86,373,87,40,37,7,30,,4,73,0.196
44,Jack Leiter,TEX,6,6,4.11,18,18,,,,100,420,84,49,45,12,39,,4,98,0.233
45,Kris Bubic,KCR,5,4,3.74,15,13,,,,71,305,66,32,29,6,28,,2,72,0.236
46,Trey Yesavage,TOR,3,2,3.69,16,15,,,,67,282,54,30,27,6,29,,1,72,0.255
47,Casey Mize,DET,5,4,3.89,16,16,,,,78,332,76,37,34,9,23,,3,73,0.22
48,Tanner Bibee,CLE,6,6,3.98,18,18,,,,105,440,99,50,46,15,30,,4,97,0.22
49,Spencer Strider,ATL,6,5,4.09,15,14,,,,78,330,68,39,36,11,28,,3,97,0.294
50,Nick Pivetta,SDP,5,4,3.83,16,15,,,,85,350,72,39,36,13,26,,2,93,0.266
51,Payton Tolle,BOS,3,3,3.93,17,13,,,,67,279,61,32,29,9,19,,3,73,0.262
52,Shohei Ohtani,LAD,5,2,3.19,11,11,,,,59,242,43,23,21,6,22,,4,71,0.293
53,Kyle Bradish,BAL,4,3,3.83,14,14,,,,73,309,65,34,31,7,28,,3,75,0.243
54,Ben Brown,CHC,4,3,3.69,18,9,,,,67,279,59,30,27,6,22,,2,72,0.258
55,Tyler Glasnow,LAD,3,2,3.78,13,13,,,,66,274,53,30,28,9,24,,1,80,0.292
56,Kyle Harrison,MIL,4,3,3.91,18,16,,,,78,327,67,37,34,10,28,,5,87,0.266
57,Parker Messick,CLE,5,4,3.79,17,17,,,,84,357,79,39,36,10,28,,4,84,0.235
58,Bryce Elder,ATL,6,6,4.22,18,18,,,,100,427,97,51,47,11,33,,4,85,0.199
59,Cole Ragans,KCR,4,4,4.26,14,13,,,,70,298,60,36,33,10,29,,2,88,0.295
60,Matthew Boyd,CHC,5,4,3.88,14,14,,,,77,323,72,36,33,10,22,,3,73,0.226
61,Nolan McLean,NYM,6,5,3.95,18,17,,,,96,406,84,46,42,11,37,,9,100,0.246
62,Jack Flaherty,DET,6,6,4.38,18,17,,,,89,383,81,47,43,12,37,,5,100,0.261
63,Brandon Woodruff,MIL,4,3,3.83,13,13,,,,62,255,55,29,26,8,16,,2,64,0.251
64,Michael King,SDP,6,5,3.8,16,16,,,,84,360,76,39,36,10,34,,5,88,0.244
64,Mike King,SDP,6,5,3.8,16,16,,,,84,360,76,39,36,10,34,,5,88,0.244
65,Landen Roupp,SFG,6,4,3.55,16,14,,,,72,305,65,31,28,6,28,,2,73,0.239
66,Seth Lugo,KCR,5,5,4.02,17,16,,,,94,400,92,45,42,12,31,,3,78,0.195
67,Shane Baz,BAL,5,6,4.3,17,17,,,,93,398,86,48,45,12,34,,5,90,0.226
68,Noah Cameron,KCR,5,5,4.12,17,17,,,,91,386,88,45,42,12,28,,3,78,0.202
69,Gerrit Cole,NYY,4,3,3.84,10,10,,,,62,256,54,29,26,8,18,,2,60,0.234
70,Michael McGreevy,STL,6,6,4.07,19,19,,,,101,426,103,49,45,12,24,,2,73,0.171
71,Drew Anderson,DET,5,5,4.21,20,12,,,,79,336,71,40,37,11,30,,4,91,0.271
72,Trevor Rogers,BAL,5,5,4.29,16,16,,,,83,353,81,43,39,10,26,,3,70,0.198
73,Carmen Mlodzinski,PIT,5,4,3.54,23,10,,,,71,304,68,31,28,6,24,,3,61,0.201
74,Bailey Ober,MIN,5,6,4.47,18,18,,,,97,407,97,52,48,16,23,,4,82,0.201
75,Justin Wrobleski,LAD,5,4,4.31,19,11,,,,77,325,75,40,37,9,23,,3,66,0.203
76,Luis Castillo,SEA,6,5,3.92,18,17,,,,100,421,93,47,44,14,31,,5,94,0.223
77,Jeffrey Springs,ATH,6,7,4.42,18,17,,,,94,403,94,50,46,14,30,,2,82,0.203
78,Yusei Kikuchi,LAA,4,5,4.38,17,16,,,,85,372,87,45,41,12,33,,2,87,0.234
79,Blake Snell,LAD,4,3,3.6,11,11,,,,55,231,43,24,22,6,25,,1,69,0.299
80,Chad Patrick,MIL,4,4,4.35,21,15,,,,88,373,83,46,42,12,30,,3,82,0.22
81,Cade Cavalli,WSN,4,4,4.04,15,15,,,,73,309,67,35,33,7,26,,9,69,0.223
82,Louis Varland,TOR,5,3,3.3,34,7,,,,65,269,58,26,24,7,18,,2,67,0.249
83,Brayan Bello,BOS,7,7,4.35,20,18,,,,104,448,104,54,50,12,36,,5,85,0.19
84,Dustin May,STL,6,5,3.98,15,14,,,,83,347,74,40,37,9,27,,7,71,0.205
85,Mason Miller,SDP,2,0,2.05,38,0,,,,40,157,21,10,9,3,15,,1,70,0.446
86,Zebby Matthews,MIN,4,4,4.15,13,12,,,,63,267,64,32,29,9,15,,2,66,0.247
87,Carlos Rodón,NYY,5,5,4.11,14,14,,,,71,303,63,35,33,8,28,,3,73,0.241
88,Emmet Sheehan,LAD,3,3,4.2,16,12,,,,63,262,53,32,29,9,21,,4,72,0.275
89,Luis Severino,ATH,5,6,4.58,16,16,,,,93,400,91,51,47,12,33,,6,81,0.203
90,Janson Junk,MIA,4,6,4.46,17,14,,,,82,348,89,44,41,11,17,,2,60,0.172
91,Sean Burke,CHW,4,5,4.34,18,15,,,,85,369,81,45,41,11,34,,4,82,0.222
92,Logan Henderson,MIL,5,4,3.96,13,12,,,,58,240,50,28,25,8,17,,2,62,0.258
93,Cade Smith,CLE,5,2,2.52,43,0,,,,44,177,32,14,12,3,12,,2,60,0.339
94,Eduardo Rodriguez,ARI,6,5,4.09,16,16,,,,90,390,91,44,41,12,33,,1,78,0.2
95,Bubba Chandler,PIT,4,6,4.27,18,17,,,,82,356,75,42,39,9,38,,5,81,0.228
96,Shota Imanaga,CHC,6,5,4.13,17,17,,,,92,381,86,46,42,17,21,,3,88,0.231
97,Eury Pérez,MIA,5,6,4.37,17,17,,,,76,322,66,40,37,11,29,,3,83,0.258
98,Brandon Pfaadt,ARI,5,5,4.42,19,16,,,,94,400,96,50,46,13,24,,5,86,0.215
99,Matthew Liberatore,STL,5,6,4.29,21,17,,,,92,392,90,48,44,11,29,,3,80,0.204
100,Chris Bassitt,BAL,6,6,4.33,19,17,,,,96,420,99,50,46,12,34,,8,82,0.195
101,Michael Soroka,ARI,6,4,3.69,16,12,,,,70,292,61,31,29,7,24,,6,68,0.233
102,Mick Abel,MIN,4,4,4.09,14,13,,,,68,294,64,34,31,7,27,,4,67,0.228
103,Bryce Miller,SEA,4,3,3.98,13,12,,,,68,283,61,33,30,9,19,,2,61,0.216
104,Joe Boyle,TBR,4,4,4.19,15,13,,,,65,283,54,33,30,7,36,,4,72,0.254
105,Brady Singer,CIN,5,9,5.04,20,20,,,,103,443,105,63,58,17,33,,7,93,0.21
106,Robby Snelling,MIA,4,4,4.29,13,13,,,,62,270,62,32,30,8,22,,1,57,0.211
107,Connelly Early,BOS,5,5,4.32,17,15,,,,77,329,72,40,37,9,29,,7,77,0.234
108,Max Meyer,MIA,3,3,3.89,13,13,,,,62,264,57,29,27,7,22,,3,62,0.235
109,Shane Smith,CHW,3,4,4.19,15,15,,,,75,315,63,38,35,9,30,,7,72,0.229
110,Grant Taylor,CHW,2,1,3.15,32,5,,,,39,162,33,15,14,3,13,,0,46,0.284
111,Nathan Eovaldi,TEX,5,5,4.16,13,13,,,,77,323,72,39,36,12,20,,4,72,0.223
112,Jhoan Duran,PHI,6,1,2.46,40,0,,,,39,159,30,12,11,2,12,,2,50,0.314
113,Zac Gallen,ARI,8,7,4.09,20,20,,,,111,471,105,55,51,15,35,,4,97,0.206
114,Rhett Lowder,CIN,4,5,4.6,15,15,,,,69,296,69,38,35,8,23,,3,53,0.179
115,Griffin Jax,TBR,4,2,3.41,42,3,,,,45,187,38,19,17,4,15,,1,56,0.299
116,Jonah Tong,NYM,4,4,4.2,14,13,,,,60,261,55,31,28,8,26,,1,67,0.257
117,Edward Cabrera,CHC,5,4,4.09,16,16,,,,84,353,72,41,38,11,33,,4,86,0.244
118,Joey Cantillo,CLE,3,4,4.06,20,13,,,,70,306,63,35,32,8,33,,1,74,0.242
119,Jack Perkins,ATH,3,3,3.66,17,7,,,,52,218,43,23,21,5,20,,5,56,0.257
120,Nick Lodolo,CIN,4,5,4.74,15,15,,,,77,327,74,44,41,12,23,,11,78,0.239
121,Ryan Weathers,NYY,3,4,4.51,14,13,,,,66,282,62,36,33,10,24,,2,67,0.238
122,Tatsuya Imai,HOU,4,4,4.27,13,13,,,,70,299,62,36,33,11,29,,3,78,0.261
123,Andre Pallante,STL,5,7,4.44,21,17,,,,91,398,93,49,45,9,35,,3,67,0.168
124,Dietrich Enns,BAL,3,4,4.18,21,9,,,,62,271,66,31,29,7,22,,2,57,0.21
125,Garrett Whitlock,BOS,4,2,3.24,30,3,,,,43,177,37,17,16,4,11,,2,50,0.282
126,Grayson Rodriguez,LAA,3,4,4.39,11,11,,,,53,227,50,28,26,7,19,,2,55,0.242
127,Cody Ponce,TOR,3,3,4.23,12,11,,,,65,273,60,33,30,9,20,,2,64,0.234
128,Ian Seymour,TBR,4,5,4.23,25,10,,,,74,311,68,38,35,11,23,,5,73,0.235
129,Andrew Morris,MIN,3,3,4.11,17,10,,,,58,249,60,29,27,6,17,,1,46,0.185
130,Stephen Kolek,KCR,4,5,4.37,16,14,,,,75,324,77,40,37,7,23,,5,52,0.16
131,Keider Montero,DET,4,5,4.49,18,14,,,,81,351,83,44,41,11,27,,3,65,0.185
132,José Suarez,ATH,2,2,4.03,17,7,,,,53,228,49,26,24,5,21,,2,50,0.219
133,Reynaldo López,ATL,4,3,3.82,22,10,,,,63,266,56,29,27,8,23,,1,63,0.237
134,Emerson Hancock,SEA,4,4,4.25,18,15,,,,82,349,80,42,39,11,25,,5,72,0.206
135,Sean Manaea,NYM,3,3,4.44,15,9,,,,64,272,59,35,32,9,21,,4,66,0.243
136,Andrew Painter,PHI,4,5,4.91,16,16,,,,75,326,75,44,41,12,28,,1,70,0.215
137,Merrill Kelly,ARI,6,6,4.19,17,17,,,,98,418,97,49,45,14,31,,1,79,0.189
138,Roki Sasaki,LAD,3,3,4.52,15,12,,,,63,271,60,35,32,10,23,,4,71,0.262
139,Gage Jump,ATH,4,4,4.13,13,12,,,,57,240,54,28,26,7,17,,3,51,0.213
140,Cade Horton,CHC,4,4,4.01,14,13,,,,64,265,57,31,28,8,19,,2,57,0.215
141,Kumar Rocker,TEX,3,4,4.28,13,12,,,,56,242,55,29,27,6,20,,2,50,0.207
142,Simeon Woods Richardson,MIN,4,5,4.66,18,16,,,,81,354,81,46,42,11,32,,2,66,0.186
143,Adrian Morejon,SDP,6,3,3.3,43,1,,,,45,184,38,18,16,3,13,,1,47,0.255
144,J.T. Ginn,ATH,3,4,4.61,17,14,,,,71,308,68,39,36,9,29,,6,68,0.221
144,J. T. Ginn,ATH,3,4,4.61,17,14,,,,71,308,68,39,36,9,29,,6,68,0.221
144,J T Ginn,ATH,3,4,4.61,17,14,,,,71,308,68,39,36,9,29,,6,68,0.221
145,Dean Kremer,BAL,4,5,4.45,14,14,,,,76,326,76,41,38,12,24,,2,68,0.209
146,Troy Melton,DET,3,3,4.22,15,11,,,,56,239,56,29,26,7,17,,1,47,0.197
147,Logan Allen,CLE,4,5,4.31,14,13,,,,70,305,70,36,33,9,27,,2,60,0.197
148,Braxton Garrett,MIA,2,2,4.11,10,10,,,,47,199,46,23,21,5,14,,3,41,0.206
149,Aaron Ashby,MIL,5,3,3.63,31,5,,,,57,247,48,25,23,4,29,,4,64,0.259
150,Tanner Gordon,COL,3,5,5.14,15,12,,,,69,301,80,43,40,12,16,,1,53,0.176
151,Anthony Kay,CHW,3,6,4.8,15,14,,,,79,347,82,46,42,11,31,,6,65,0.187
152,Andrew Alvarez,WSN,3,4,4.45,15,12,,,,67,294,69,36,33,8,26,,3,53,0.18
153,Didier Fuentes,ATL,4,4,4.08,16,11,,,,53,226,50,26,24,7,18,,4,54,0.239
154,Cade Povich,BAL,3,4,4.55,14,13,,,,69,298,68,38,35,10,26,,2,65,0.218
155,Mike Burrows,HOU,3,4,4.31,18,15,,,,78,331,73,41,37,12,27,,3,76,0.23
156,Brandon Sproat,MIL,4,5,4.62,18,17,,,,83,359,78,46,43,11,34,,7,78,0.217
157,Slade Cecconi,CLE,4,5,4.39,17,15,,,,84,357,84,45,41,13,22,,4,70,0.196
158,Coleman Crow,MIL,2,2,4.16,11,10,,,,49,209,48,25,23,6,14,,4,41,0.196
159,Kodai Senga,NYM,5,4,4.03,14,14,,,,72,310,63,35,32,9,33,,2,72,0.232
160,Jared Jones,PIT,2,3,4.28,10,10,,,,50,215,48,26,24,6,19,,3,46,0.214
161,Zach Eflin,BAL,4,4,4.26,11,11,,,,61,256,63,31,29,10,12,,1,50,0.195
162,Aroldis Chapman,BOS,3,1,2.71,36,0,,,,32,133,23,10,10,2,14,,1,46,0.346
163,Foster Griffin,WSN,3,4,4.7,13,12,,,,66,284,67,38,35,11,20,,4,64,0.225
164,Jacob Lopez,ATH,4,6,4.72,17,13,,,,72,315,68,41,38,11,33,,4,72,0.229
165,Chase Dollander,COL,3,6,5.05,15,12,,,,69,304,69,42,39,10,30,,6,64,0.211
166,David Bednar,NYY,4,2,3.33,40,0,,,,41,167,32,16,15,4,14,,1,49,0.293
167,Zack Littell,WSN,4,7,4.78,19,16,,,,96,413,106,56,51,17,22,,3,70,0.169
168,Connor Prielipp,MIN,3,3,4.27,14,14,,,,51,222,50,26,24,6,20,,4,49,0.221
169,Kyle Freeland,COL,4,8,5.23,16,16,,,,83,366,97,52,48,14,23,,4,64,0.175
170,Ryan Weiss,HOU,4,5,4.62,16,12,,,,76,331,72,43,39,12,33,,4,77,0.233
171,Mitchell Parker,WSN,4,7,4.86,19,13,,,,80,350,84,47,43,11,29,,2,60,0.171
172,Blade Tidwell,SFG,3,3,4.3,14,9,,,,56,244,56,29,27,6,23,,3,50,0.205
173,Kendry Rojas,MIN,2,3,4.46,13,11,,,,47,206,46,25,23,5,20,,3,43,0.209
174,Alex Vesia,LAD,3,1,3.21,43,0,,,,37,154,27,14,13,4,16,,2,49,0.318
175,Will Dion,CLE,2,3,4.1,14,8,,,,50,216,51,25,23,6,16,,1,42,0.194
176,Trevor Megill,MIL,3,1,2.8,34,1,,,,32,132,25,11,10,3,11,,1,41,0.311
177,Mason Montgomery,PIT,2,2,3.9,31,7,,,,49,210,44,23,21,6,20,,2,55,0.262
178,Martín Pérez,ATL,4,4,4.25,15,12,,,,70,307,72,36,33,9,26,,3,56,0.182
179,Christian Scott,NYM,2,2,4.22,10,10,,,,43,184,39,22,20,5,15,,4,43,0.234
180,Alan Rangel,PHI,2,3,5.04,13,11,,,,57,249,60,35,32,9,19,,1,48,0.193
181,Jeremiah Estrada,SDP,3,2,3.37,43,0,,,,41,171,31,17,15,5,18,,1,57,0.333
182,Ryne Nelson,ARI,4,4,4.33,19,16,,,,94,397,93,49,45,15,26,,3,79,0.199
183,Brandon Young,BAL,3,4,4.59,12,12,,,,57,245,59,31,29,8,18,,1,48,0.196
184,Colin Rea,CHC,5,6,4.56,18,14,,,,87,373,88,48,44,13,26,,4,68,0.182
185,Tobias Myers,NYM,3,3,4.55,22,11,,,,67,289,69,37,34,10,21,,2,55,0.19
186,Brant Hurter,DET,4,3,3.97,26,6,,,,53,224,50,25,23,5,17,,4,46,0.205
187,Brent Headrick,NYY,2,2,4,26,4,,,,42,176,38,20,19,5,13,,2,45,0.256
188,Steven Matz,TBR,3,3,4.29,22,7,,,,50,217,52,26,24,7,16,,1,45,0.207
189,Elmer Rodríguez,NYY,4,5,4.67,14,13,,,,68,299,66,39,36,9,30,,3,58,0.194
190,Randy Vásquez,SDP,4,5,4.65,17,17,,,,85,369,87,48,44,12,29,,6,61,0.165
191,Spencer Arrighetti,HOU,4,5,4.25,13,12,,,,63,273,56,32,30,8,31,,6,65,0.238
192,Shane Drohan,MIL,3,3,4.06,14,9,,,,50,213,45,24,22,6,20,,2,48,0.225
193,Patrick Corbin,TOR,3,6,5.42,16,16,,,,78,352,92,51,47,12,27,,3,63,0.179
194,Tyler Mahle,SFG,4,4,4.21,13,13,,,,65,278,62,33,30,9,23,,1,57,0.205
195,Justin Verlander,DET,3,4,4.76,13,13,,,,67,290,68,38,35,11,24,,2,56,0.193
196,Robert Gasser,MIL,3,3,4.32,11,9,,,,44,187,41,23,21,6,15,,5,42,0.225
197,Tanner Scott,LAD,3,2,3.34,41,0,,,,39,161,32,16,15,4,13,,2,46,0.286
198,Robbie Ray,SFG,5,6,4.38,18,18,,,,96,414,91,51,47,15,38,,3,94,0.227
199,Mason Barnett,ATH,2,3,4.78,14,13,,,,65,286,65,38,35,9,28,,4,56,0.196
200,Jordan Wicks,CHC,3,2,4.09,13,10,,,,45,190,44,22,20,6,13,,1,40,0.211
201,Sean Newcomb,CHW,2,2,3.85,28,2,,,,49,212,48,23,21,4,18,,3,46,0.217
202,José A. Ferrer,SEA,2,1,3.36,41,0,,,,45,184,40,18,17,3,12,,3,43,0.234
203,Dylan Lee,ATL,3,1,3.06,42,0,,,,40,161,33,15,13,5,10,,0,47,0.292
204,Carlos Rodriguez,MIL,3,3,4.64,14,9,,,,57,246,54,32,29,8,23,,4,52,0.211
205,Trevor McDonald,SFG,4,5,4.19,16,13,,,,75,322,75,38,35,9,24,,8,62,0.193
206,Jack Dreyer,LAD,2,2,3.95,37,2,,,,41,172,35,20,18,5,15,,1,43,0.25
207,Johan Oviedo,BOS,3,3,4.46,12,10,,,,50,217,47,27,25,7,21,,4,48,0.221
208,Jakob Junis,TEX,2,2,3.9,28,2,,,,44,182,41,21,19,4,11,,3,36,0.198
209,Jose Quintana,COL,4,6,4.94,15,15,,,,75,337,84,45,41,10,32,,3,46,0.136
210,Noah Schultz,CHW,2,4,4.89,14,14,,,,59,262,58,35,32,7,29,,6,52,0.198
211,Walker Buehler,SDP,4,5,4.61,15,14,,,,73,318,73,41,37,10,28,,5,63,0.198
212,Michael Lorenzen,COL,4,7,4.99,17,16,,,,86,379,92,52,48,14,31,,4,64,0.169
213,Aaron Civale,ATH,3,5,5.08,16,14,,,,73,316,76,45,41,13,22,,3,61,0.193
214,Adrian Houser,SFG,4,5,4.48,17,15,,,,84,367,89,45,42,10,29,,4,58,0.158
215,José Alvarado,PHI,2,1,3.3,34,0,,,,31,129,25,12,11,2,12,,2,37,0.287
216,Jonathan Cannon,CHW,3,6,4.98,14,12,,,,65,286,69,39,36,10,24,,4,49,0.171
217,Cal Quantrill,TEX,3,5,5.09,15,12,,,,67,291,69,41,38,9,23,,4,49,0.168
218,Brad Lord,WSN,3,4,4.47,26,8,,,,69,294,70,37,34,8,20,,5,53,0.18
219,Devin Williams,NYM,4,2,3.32,39,0,,,,37,150,24,15,13,3,17,,2,50,0.333
220,Jared Koenig,MIL,2,2,3.68,29,3,,,,39,163,35,17,16,4,13,,2,39,0.239
221,Chris Paddack,CIN,3,6,5.17,17,15,,,,81,350,88,51,47,16,22,,2,64,0.183
222,Duncan Davitt,CHW,3,5,4.85,13,12,,,,63,272,66,37,34,9,19,,4,48,0.176
223,Orion Kerkering,PHI,4,3,3.55,43,0,,,,39,163,34,17,15,4,14,,3,44,0.27
224,Jonathan Pintaro,NYM,2,2,4.19,14,8,,,,38,165,36,19,18,4,16,,4,36,0.218
225,Ryan Johnson,LAA,2,3,4.65,15,7,,,,40,173,41,22,21,6,14,,0,36,0.208
226,Jake Irvin,WSN,4,7,4.81,18,18,,,,96,416,97,56,51,15,34,,6,79,0.19
227,Jeff Hoffman,TOR,6,3,3.18,40,0,,,,41,169,31,16,15,5,15,,3,53,0.314
228,Graham Ashcraft,CIN,3,3,4.09,41,0,,,,43,185,39,21,20,3,18,,2,43,0.232
229,Raisel Iglesias,ATL,3,1,3.16,35,0,,,,35,139,28,13,12,3,8,,1,38,0.273
230,Brendan Beck,NYY,4,4,4.6,12,11,,,,56,238,56,31,29,8,16,,2,44,0.185
231,Jacob Latz,TEX,1,1,4.34,27,4,,,,48,208,43,25,23,6,21,,1,47,0.226
232,Tyler Phillips,MIA,2,3,4.15,24,7,,,,62,271,63,31,29,6,24,,2,48,0.177
233,Ryan Gusto,MIA,3,4,4.63,13,9,,,,51,224,53,28,26,7,19,,2,43,0.192
234,Abner Uribe,MIL,3,1,3.17,43,0,,,,43,181,31,17,15,3,20,,3,51,0.282
235,Daniel Lynch IV,KCR,2,3,4.13,29,7,,,,57,246,56,28,26,7,20,,3,49,0.199
236,Tyler Wells,BAL,2,3,4.41,17,7,,,,48,200,45,26,24,8,12,,1,42,0.21
237,Edwin Díaz,LAD,3,1,3.27,31,0,,,,32,131,23,13,12,3,12,,3,46,0.351
238,Bradgley Rodriguez,SDP,2,2,3.67,34,1,,,,39,162,33,17,16,3,15,,3,37,0.228
239,Will Vest,DET,4,3,3.53,36,0,,,,38,161,34,16,15,3,12,,1,39,0.242
240,Bryan Baker,TBR,2,2,3.78,41,0,,,,40,167,34,18,17,5,15,,1,45,0.269
241,Keaton Winn,SFG,2,2,4.02,20,6,,,,40,171,39,19,18,4,13,,2,36,0.211
242,Luis Morales,ATH,3,5,4.79,16,12,,,,64,280,62,37,34,10,28,,2,58,0.207
243,Mason Fluharty,TOR,3,2,3.6,42,1,,,,39,163,32,17,15,4,15,,2,44,0.27
244,Andrés Muñoz,SEA,4,2,3.1,39,0,,,,39,159,27,15,14,4,14,,3,52,0.327
245,Gregory Soto,PIT,2,2,3.54,40,0,,,,36,153,31,15,14,2,15,,4,41,0.268
246,Jedixson Paez,BOS,1,3,4.79,11,7,,,,40,171,43,23,21,6,10,,2,31,0.181
247,Mason Englert,TBR,1,2,4.18,24,3,,,,43,182,42,22,20,6,11,,2,39,0.214
248,Dylan Dodd,ATL,2,2,4.06,19,5,,,,46,194,47,22,21,6,11,,1,40,0.206
249,Chase Petty,CIN,3,7,5.58,14,14,,,,64,284,68,43,39,9,28,,3,46,0.162
250,Kyle Leahy,STL,3,4,4.38,29,7,,,,66,284,64,35,32,8,24,,3,57,0.201
251,Matt Brash,SEA,3,2,3.14,34,0,,,,33,139,28,12,11,2,13,,2,38,0.273
252,Fernando Cruz,NYY,3,2,3.65,35,1,,,,33,144,27,15,13,3,17,,2,45,0.313
253,Ryan Helsley,BAL,3,2,3.23,32,0,,,,32,136,27,13,12,3,12,,0,39,0.287
254,Bailey Falter,KCR,3,4,4.77,15,13,,,,64,277,65,37,34,10,22,,1,45,0.162
255,Jake Woodford,MIL,3,3,4.12,21,6,,,,57,243,54,29,26,7,18,,3,44,0.181
256,Paul Blackburn,NYY,3,3,4.83,16,8,,,,50,220,52,29,27,6,19,,2,39,0.177
257,Braydon Fisher,TOR,3,2,3.56,39,2,,,,41,175,34,18,16,4,19,,2,47,0.269
258,Kyle Hurt,LAD,2,2,4.48,19,7,,,,40,176,36,22,20,5,20,,2,46,0.261
259,Robert Suarez,ATL,4,2,3.38,37,0,,,,36,149,31,15,14,3,10,,1,35,0.235
260,JT Brubaker,SFG,1,1,4.34,18,7,,,,45,200,46,24,22,4,19,,2,37,0.185
261,Pete Fairbanks,MIA,3,2,3.53,35,0,,,,33,137,27,14,13,3,12,,1,36,0.263
262,Wilber Dotel,PIT,3,5,4.54,15,12,,,,60,260,61,33,30,8,22,,3,48,0.185
263,Mitch Farris,LAA,2,4,5.24,16,11,,,,67,296,69,42,39,11,28,,1,62,0.209
264,Luke Weaver,NYM,3,2,4.09,32,3,,,,44,185,40,22,20,6,15,,1,47,0.254
265,Tyler Uberstine,BOS,3,3,4.54,12,9,,,,52,226,53,28,26,8,19,,3,47,0.208
266,Ryan Feltner,COL,2,4,5.4,12,12,,,,56,250,60,36,34,8,25,,2,47,0.188
267,Tyler Holton,DET,3,3,3.76,41,4,,,,48,198,42,22,20,6,12,,1,40,0.202
268,Kyle Hart,SDP,3,3,4.36,19,9,,,,60,257,60,31,29,8,20,,4,53,0.206
269,Tanner Banks,PHI,2,2,3.87,35,1,,,,40,168,37,19,17,4,12,,1,37,0.22
270,Jonathan Bowlan,PHI,2,2,4.35,27,4,,,,47,200,46,25,23,6,16,,2,45,0.225
271,Garrett Cleavinger,TBR,3,2,3.4,37,0,,,,34,140,26,14,13,4,13,,4,43,0.307
272,Tomoyuki Sugano,COL,4,7,5.12,16,16,,,,84,374,103,52,48,15,22,,2,51,0.136
273,Lucas Giolito,SDP,4,5,4.49,15,15,,,,76,327,70,41,38,13,32,,2,70,0.214
274,Mitch Spence,KCR,2,3,4.71,16,9,,,,60,262,64,34,32,8,20,,3,45,0.172
275,Matt Waldron,SDP,3,5,5.07,13,12,,,,63,272,65,39,36,10,20,,4,52,0.191
276,Matt Strahm,KCR,2,2,3.69,35,1,,,,35,147,30,16,14,4,11,,2,37,0.252
277,Eric Orze,MIN,2,2,3.82,33,0,,,,41,177,37,19,17,3,19,,1,41,0.232
278,Paxton Schultz,WSN,3,3,4.33,22,4,,,,46,200,46,24,22,6,18,,1,43,0.215
279,DL Hall,MIL,1,1,4.2,22,7,,,,42,186,37,21,20,4,24,,2,44,0.237
280,Hunter Barco,PIT,1,2,4.55,15,10,,,,47,207,46,26,24,6,22,,5,44,0.213
281,Sam Hentges,SFG,1,1,3.43,26,1,,,,25,105,22,10,9,2,9,,1,24,0.229
282,Mason Black,KCR,2,4,4.93,16,12,,,,57,253,58,34,31,8,25,,4,48,0.19
283,Cristian Javier,HOU,3,3,4.6,10,10,,,,49,211,43,27,25,7,24,,2,45,0.213
284,JR Ritchie,ATL,3,4,4.62,14,14,,,,67,290,64,37,34,9,27,,6,59,0.203
285,Tyler Alexander,TEX,3,5,4.76,28,4,,,,57,243,58,33,30,8,15,,2,47,0.193
286,Trey Gibson,BAL,3,4,4.78,13,11,,,,56,244,55,32,30,8,21,,4,49,0.201
287,Colton Gordon,HOU,3,4,4.74,15,12,,,,63,274,66,36,33,11,19,,3,54,0.197
288,Cooper Criswell,SEA,3,3,4.28,20,8,,,,55,233,55,28,26,7,17,,4,46,0.197
289,Jovani Morán,BOS,2,2,4.2,25,3,,,,33,142,29,17,15,3,15,,1,37,0.261
290,Camilo Doval,NYY,2,2,3.95,43,0,,,,40,168,33,19,17,4,17,,2,44,0.262
291,Kevin Ginkel,ARI,3,2,3.52,34,0,,,,32,137,29,14,13,3,11,,1,35,0.255
292,Eduardo Rivera,BOS,2,3,4.65,11,7,,,,40,178,38,23,21,5,20,,2,37,0.208
293,Jack Kochanowicz,LAA,3,6,5.2,17,16,,,,85,376,90,53,49,11,35,,7,56,0.149
294,Max Scherzer,TOR,3,4,4.74,11,11,,,,54,228,53,31,28,10,16,,2,49,0.215
295,Doug Nikhazy,CHC,2,4,5.17,11,10,,,,44,203,48,28,25,6,25,,2,39,0.192
296,Hunter Gaddis,CLE,2,2,3.82,33,3,,,,45,189,40,21,19,6,15,,2,43,0.228
297,Luis Medina,ATH,2,3,4.74,15,7,,,,42,186,40,24,22,4,20,,3,38,0.204
298,Jesse Scholtens,TBR,2,4,4.87,14,8,,,,53,231,56,31,29,9,17,,2,44,0.19
299,Sammy Peralta,COL,1,3,5.77,16,3,,,,34,155,43,24,22,4,11,,2,28,0.181
300,Mark Leiter Jr.,ATH,3,2,3.94,35,1,,,,34,146,31,16,15,4,13,,2,37,0.253
301,Jordan Hicks,CHW,2,3,4.88,24,6,,,,44,196,43,26,24,4,23,,3,40,0.204
302,AJ Blubaugh,HOU,4,5,4.63,22,10,,,,69,302,66,38,35,10,31,,2,61,0.202
303,Peyton Gray,TEX,3,4,4.26,24,1,,,,38,159,34,19,18,5,14,,1,39,0.245
304,Javier Assad,CHC,3,3,4.23,14,11,,,,61,261,59,31,28,8,23,,2,47,0.18
305,J.P. France,HOU,2,2,4.32,10,6,,,,41,178,40,21,19,5,17,,1,37,0.208
306,George Klassen,LAA,3,5,4.99,12,12,,,,53,232,52,32,29,7,24,,3,49,0.211
307,Lance McCullers Jr.,HOU,2,3,4.66,11,10,,,,47,209,44,27,24,6,25,,3,48,0.23
308,Bryan Hudson,CHW,2,2,4.31,33,2,,,,36,156,34,19,17,3,15,,2,35,0.224
309,Walbert Ureña,LAA,3,6,5.12,16,15,,,,74,333,75,46,42,9,39,,5,58,0.174
310,Gordon Graceffo,STL,3,4,4.48,27,7,,,,60,258,61,32,30,7,20,,2,46,0.178
311,Brooks Raley,NYM,2,1,3.71,31,1,,,,27,113,22,12,11,2,10,,3,28,0.248
312,Hunter Harvey,CHC,2,1,3.24,24,0,,,,25,102,21,10,9,3,6,,1,28,0.275
313,Luinder Avila,KCR,2,3,4.47,16,8,,,,49,216,47,27,24,5,22,,3,42,0.194
314,Ryan Walker,SFG,3,3,3.59,39,1,,,,38,162,34,17,15,3,14,,3,40,0.247
315,Chase Solesky,TBR,2,3,5.08,12,11,,,,52,230,57,32,29,8,19,,2,36,0.157
316,Ty Madden,DET,1,2,4.68,11,8,,,,46,201,46,26,24,6,19,,2,41,0.204
317,Huascar Brazobán,NYM,2,2,4.07,34,2,,,,40,173,36,20,18,3,18,,2,39,0.225
318,Robert Garcia,TEX,3,2,3.72,34,0,,,,32,134,27,14,13,3,12,,1,35,0.261
319,Brady Basso,ATH,2,2,4.45,13,7,,,,38,165,39,20,19,5,12,,1,31,0.188
320,Jack Anderson,BOS,2,2,4.47,15,3,,,,39,170,42,21,20,5,11,,1,32,0.188
321,Chase Silseth,LAA,2,2,4.34,22,6,,,,40,175,37,21,19,5,20,,2,42,0.24
322,Brandon Eisert,CHW,2,3,4.25,35,2,,,,36,157,35,19,17,4,13,,2,37,0.236
323,José Urquidy,PIT,2,3,4.45,10,7,,,,38,165,41,21,19,5,11,,1,27,0.164
324,Antonio Senzatela,COL,3,6,5.32,17,9,,,,62,280,76,40,36,9,22,,3,39,0.139
325,Dennis Santana,PIT,3,3,3.78,41,0,,,,40,170,35,18,17,4,15,,2,36,0.212
326,Kolby Allard,CLE,1,2,4.22,17,5,,,,45,197,47,23,21,7,14,,1,36,0.183
327,Hunter Dobbins,STL,2,2,4.69,9,8,,,,43,189,45,24,23,6,15,,2,31,0.164
328,Jake Bird,NYY,2,2,4.09,37,0,,,,42,179,36,21,19,4,17,,5,47,0.263
329,Brycen Mautz,STL,3,4,4.7,13,12,,,,55,241,56,31,29,7,21,,4,45,0.187
330,Hogan Harris,ATH,2,2,4.2,32,5,,,,56,247,50,28,26,6,31,,3,57,0.231
331,Brenan Hanifee,DET,2,1,4.01,29,3,,,,38,163,40,18,17,4,10,,1,27,0.166
332,Lazaro Estrada,TOR,2,3,4.81,12,8,,,,45,194,46,26,24,7,14,,2,38,0.196
333,Angel Zerpa,MIL,2,2,4.01,34,3,,,,40,171,38,20,18,4,13,,2,36,0.211
334,Tyler Rogers,TOR,3,2,3.56,44,0,,,,42,175,41,18,17,3,11,,1,28,0.16
335,Evan Sisk,PIT,1,1,3.72,34,0,,,,35,152,31,16,15,3,16,,3,37,0.243
336,Cole Sands,MIN,3,3,4.11,33,2,,,,38,161,35,19,17,5,12,,2,37,0.23
337,Charlie Barnes,LAD,2,4,5.67,10,9,,,,53,236,61,36,33,10,18,,3,43,0.182
338,John Klein,MIN,3,4,4.89,14,7,,,,48,210,49,28,26,7,18,,5,40,0.19
339,Joel Kuhnel,ATH,2,2,4.14,31,1,,,,35,150,38,18,16,4,8,,2,24,0.16
340,Justin Sterner,ATH,2,2,4.11,36,1,,,,39,166,35,20,18,5,14,,2,40,0.241
341,Kai-Wei Teng,HOU,3,4,4.82,20,9,,,,56,244,51,33,30,7,27,,7,55,0.225
341,Kai Wei Teng,HOU,3,4,4.82,20,9,,,,56,244,51,33,30,7,27,,7,55,0.225
342,Adam Macko,TOR,2,3,4.54,13,8,,,,40,174,39,22,20,5,16,,4,35,0.201
343,Grant Wolfram,BAL,3,2,3.67,28,0,,,,33,142,31,15,14,3,13,,3,34,0.239
344,Eduard Bazardo,SEA,3,2,3.62,39,0,,,,42,176,36,18,17,4,15,,2,41,0.233
345,Yennier Cano,BAL,3,2,3.5,41,0,,,,36,154,35,15,14,3,11,,1,32,0.208
346,Chayce McDermott,LAD,2,3,4.76,13,8,,,,40,176,37,23,21,6,20,,2,40,0.227
347,Easton McGee,MIL,2,1,3.99,17,3,,,,33,138,31,16,15,4,9,,2,28,0.203
348,Bryan Abreu,HOU,3,2,3.56,41,0,,,,41,176,31,18,16,4,23,,3,54,0.307
349,Jaden Hill,COL,1,2,4.29,29,1,,,,32,135,28,16,15,3,13,,3,34,0.252
350,Tommy Nance,TOR,2,1,3.6,29,0,,,,32,136,30,14,13,3,11,,1,33,0.243
351,Kevin Kelly,TBR,3,3,3.79,39,1,,,,40,165,37,18,17,4,9,,4,34,0.206
352,Cody Laweryson,MIN,1,1,4.12,20,1,,,,27,117,27,14,13,3,9,,2,25,0.214
353,Ryan Yarbrough,NYY,2,2,4.49,16,4,,,,42,179,41,23,21,6,13,,4,34,0.19
354,Erik Sabrowski,CLE,2,1,3.45,29,0,,,,29,124,20,12,11,3,18,,1,41,0.331
355,Danny Coulombe,BOS,1,1,3.66,31,1,,,,24,104,23,11,10,2,10,,1,22,0.212
356,Steven Okert,HOU,1,1,3.79,38,1,,,,36,150,30,16,15,5,13,,2,39,0.26
357,Connor Seabold,TOR,2,3,4.89,18,6,,,,45,198,47,27,25,7,16,,4,39,0.197
358,Spencer Miles,TOR,1,1,3.79,14,3,,,,24,102,22,11,10,3,9,,0,24,0.235
359,Lucas Erceg,KCR,4,4,3.93,36,0,,,,36,156,33,17,16,2,16,,3,33,0.212
360,Jared Shuster,STL,2,3,4.62,18,5,,,,44,194,47,25,23,5,16,,1,30,0.155
361,Enyel De Los Santos,HOU,2,2,3.7,37,0,,,,38,158,33,17,16,5,12,,1,38,0.241
362,Yoendrys Gómez,MIN,2,3,4.97,22,9,,,,55,243,54,33,30,9,25,,5,55,0.226
363,Daniel Palencia,CHC,2,2,3.8,29,1,,,,33,138,27,15,14,4,13,,2,37,0.268
364,A.J. Minter,NYM,2,2,3.49,29,0,,,,26,109,22,11,10,3,9,,1,30,0.275
365,Zach Thornton,NYM,2,3,4.88,8,8,,,,37,159,38,22,20,5,12,,3,28,0.176
366,David Sandlin,CHW,2,4,4.92,14,7,,,,45,199,49,27,25,7,15,,1,38,0.191
367,Grant Holmes,ATL,2,3,4.55,17,8,,,,55,240,53,30,28,8,23,,2,53,0.221
368,Jimmy Herget,COL,1,1,4.5,30,1,,,,38,164,38,21,19,6,12,,3,36,0.22
369,Travis Adams,MIN,3,4,4.67,18,6,,,,52,225,54,29,27,7,18,,2,42,0.187
370,Tim Herrin,CLE,2,2,3.81,39,0,,,,34,148,29,16,14,2,17,,3,35,0.236
371,Chris Murphy,CHW,1,2,4.8,19,5,,,,41,184,40,24,22,5,22,,3,36,0.196
372,Gabe Speier,SEA,2,1,3.51,37,0,,,,31,127,26,13,12,3,10,,2,35,0.276
373,Brennan Bernardino,COL,2,3,4.13,35,2,,,,32,140,31,16,15,3,14,,3,28,0.2
374,Rico Garcia,BAL,2,1,4.03,32,1,,,,34,148,31,17,15,4,16,,0,38,0.257
375,Will Klein,LAD,3,2,4.14,32,0,,,,37,162,32,19,17,3,19,,2,39,0.241
376,Brandon Williamson,CIN,2,4,5.45,11,11,,,,52,233,53,34,31,8,27,,4,40,0.172
377,Ryan Watson,BOS,2,2,4.56,26,3,,,,43,187,45,24,22,6,15,,2,36,0.193
378,Dax Fulton,MIA,3,4,4.74,11,10,,,,50,223,51,28,26,6,25,,3,41,0.184
379,Tyler Kinley,ATL,3,3,4.11,39,0,,,,37,158,32,18,17,5,15,,1,42,0.266
380,Colin Holderman,CLE,2,2,3.76,28,0,,,,30,127,27,14,12,3,12,,2,31,0.244
381,Clayton Beeter,WSN,2,2,4.34,23,4,,,,39,172,33,20,19,5,22,,2,46,0.267
382,Riley O'Brien,STL,2,2,3.54,36,0,,,,38,162,33,16,15,3,15,,5,41,0.253
383,Joe Mantiply,TOR,1,1,4.05,26,1,,,,26,111,27,13,12,3,6,,1,22,0.198
384,Dylan Smith,SFG,2,2,4.49,15,4,,,,28,124,29,15,14,3,11,,1,24,0.194
385,Brad Keller,PHI,3,3,4.47,32,4,,,,49,213,47,27,25,7,20,,2,47,0.221
386,Jonathan Loáisiga,ARI,2,1,3.36,27,1,,,,28,117,27,11,10,2,7,,1,22,0.188
387,Jake Bennett,BOS,2,2,4.83,10,10,,,,38,165,41,22,20,5,12,,2,25,0.152
388,Luis Gil,NYY,3,4,5.09,12,11,,,,53,233,48,33,30,9,27,,3,52,0.223
389,Scott Barlow,ATH,2,2,4.15,42,1,,,,39,169,33,20,18,4,20,,4,42,0.249
390,Shawn Armstrong,CLE,2,1,3.71,33,1,,,,34,142,30,15,14,4,12,,2,36,0.254
391,Gus Varland,WSN,1,2,4.38,29,1,,,,34,150,34,18,17,3,16,,2,33,0.22
392,Tristan Beck,SFG,1,2,4.22,21,3,,,,42,177,41,21,19,5,13,,2,33,0.186
393,JoJo Romero,STL,3,2,3.6,41,0,,,,39,167,34,17,16,4,16,,2,39,0.234
394,Edgardo Henriquez,LAD,2,2,4.57,27,2,,,,30,132,27,17,15,3,15,,3,32,0.242
395,Chris Martin,TEX,2,2,3.88,27,0,,,,25,102,25,12,11,3,5,,1,22,0.216
396,Ben Casparius,LAD,3,4,4.96,20,5,,,,42,185,41,25,23,6,19,,2,41,0.222
397,Keegan Akin,BAL,2,2,4.22,34,2,,,,37,157,35,19,17,6,12,,0,37,0.236
398,Bryan King,HOU,2,2,3.71,37,0,,,,38,160,34,17,16,4,12,,4,36,0.225
399,Casey Legumina,TBR,3,3,4.62,31,2,,,,39,171,41,22,20,5,14,,3,33,0.193
400,Caleb Thielbar,CHC,2,2,4.04,33,0,,,,27,114,24,13,12,3,10,,0,28,0.246
401,Erik Miller,SFG,2,1,3.57,34,2,,,,31,138,26,13,12,2,19,,1,35,0.254
402,Anthony Bender,MIA,2,2,3.52,33,0,,,,31,130,27,13,12,3,12,,2,31,0.238
403,Alek Manoah,LAA,2,3,5,9,8,,,,44,192,42,26,24,6,20,,4,37,0.193
404,Andrew Hoffmann,ARI,3,3,4.37,20,6,,,,44,194,44,23,21,6,18,,2,40,0.206
405,Jason Adam,SDP,3,2,3.42,35,0,,,,33,135,26,13,12,3,12,,3,30,0.222
406,Isaac Mattson,PIT,2,2,3.79,33,0,,,,37,160,33,17,15,3,17,,2,34,0.213
407,Cameron Foster,BAL,2,2,4.52,16,3,,,,31,139,33,17,16,4,13,,0,28,0.201
408,Anthony Molina,ATL,2,3,4.95,14,7,,,,50,220,56,30,27,7,15,,1,34,0.155
409,Carl Edwards Jr.,DET,1,1,4.46,14,4,,,,30,130,28,16,15,4,14,,1,29,0.223
410,Joey Gerber,NYM,0,1,4.26,17,4,,,,23,97,22,12,11,3,7,,1,22,0.227
411,Julian Fernández,WSN,1,2,4.42,24,1,,,,28,119,27,15,14,3,10,,1,27,0.227
412,Caleb Ferguson,CIN,2,2,4.64,32,1,,,,29,126,28,16,15,3,11,,3,28,0.222
413,Juan Mejia,COL,2,3,4.46,37,0,,,,42,184,38,23,21,5,21,,5,45,0.245
414,Taylor Rashi,ARI,2,2,3.99,23,1,,,,36,156,34,17,16,4,15,,1,36,0.231
415,Cameron Weston,BAL,3,4,4.94,13,10,,,,57,249,57,34,31,8,23,,5,48,0.193
416,Griffin Canning,SDP,3,5,4.93,12,12,,,,62,271,61,37,34,11,26,,2,58,0.214
417,Yuki Matsui,SDP,1,1,3.98,31,0,,,,34,145,29,16,15,4,16,,1,35,0.241
418,Sam Aldegheri,LAA,3,6,5.48,13,12,,,,63,281,67,41,38,10,29,,4,48,0.171
419,Taylor Rogers,MIN,2,2,4.16,35,0,,,,31,134,29,15,14,3,13,,2,30,0.224
420,Ryan Fernandez,STL,2,2,4.07,30,0,,,,34,147,30,17,15,4,15,,1,39,0.265
421,Albert Suárez,BAL,2,4,5.28,14,8,,,,51,228,58,32,30,9,20,,1,39,0.171
422,Jackson Rutledge,PHI,2,3,4.96,21,6,,,,46,201,47,27,25,6,19,,4,38,0.189
423,Cole Sulser,TBR,1,2,4.29,28,1,,,,32,137,31,16,15,4,11,,1,27,0.197
424,Brent Suter,LAA,1,1,4.32,29,2,,,,40,173,41,21,19,5,13,,1,32,0.185
425,Alex Lange,KCR,2,2,4.01,30,1,,,,29,127,24,14,13,2,16,,2,31,0.244
426,Brock Stewart,LAD,1,0,4.01,19,0,,,,17,75,15,8,8,2,7,,1,20,0.267
427,Ian Hamilton,ATL,1,1,3.74,23,0,,,,26,114,24,12,11,2,12,,1,28,0.246
428,Brock Burke,CIN,2,3,4.52,41,1,,,,40,175,40,22,20,5,16,,1,38,0.217
429,Jake Eder,LAD,3,3,4.92,12,8,,,,43,188,43,26,24,7,18,,3,33,0.176
430,Osvaldo Bido,,1,4,6.1,17,7,,,,50,230,57,37,34,8,23,,6,44,0.191
431,Vince Velasquez,CHC,2,2,4.53,8,6,,,,32,141,31,18,16,5,14,,1,32,0.227
432,Miles Mikolas,WSN,3,7,5.41,17,15,,,,81,357,94,53,49,15,21,,2,54,0.151
433,Sam Bachman,LAA,2,2,4.4,25,2,,,,33,147,31,18,16,3,17,,2,32,0.218
434,Pierce Johnson,CIN,2,2,4.62,37,0,,,,32,141,32,18,17,5,13,,1,34,0.241
435,Richard Lovelady,WSN,1,2,4.73,30,2,,,,31,137,32,18,16,3,13,,3,29,0.212
436,Tyler Schweitzer,CHW,2,4,5.02,14,7,,,,50,222,55,30,28,8,19,,1,35,0.158
437,Justin Slaten,BOS,2,2,4.16,23,1,,,,25,108,23,13,12,3,10,,1,26,0.241
438,Jose Franco,CIN,2,4,5.67,17,11,,,,50,227,52,34,32,8,26,,3,45,0.198
439,Keegan Thompson,COL,1,3,5.03,16,2,,,,33,145,33,20,18,5,14,,2,30,0.207
440,Austin Warren,NYM,3,3,4.33,23,2,,,,33,141,30,17,16,4,13,,2,32,0.227
441,Germán Márquez,SDP,3,7,5.48,14,14,,,,71,312,76,47,43,13,26,,2,54,0.173
442,Blake Treinen,LAD,2,2,4.23,27,1,,,,22,97,21,11,11,3,9,,1,24,0.247
443,Emilio Pagán,CIN,2,2,4.44,35,0,,,,34,142,30,18,17,6,11,,1,34,0.239
444,Carlos Carrasco,ATL,2,4,5.45,13,11,,,,57,255,69,37,34,10,18,,3,43,0.169
445,Ryne Stanek,STL,2,2,4.22,38,0,,,,34,148,29,17,16,3,19,,1,36,0.243
446,Kirby Yates,LAA,2,2,3.97,27,0,,,,24,104,19,12,11,3,12,,2,30,0.288
447,Jason Alexander,HOU,2,3,4.88,14,11,,,,60,265,65,35,33,10,22,,3,45,0.17
448,Andrew Nardi,MIA,2,2,4.02,30,0,,,,29,124,25,14,13,4,13,,1,36,0.29
449,Anthony Nunez,BAL,3,3,4.14,35,0,,,,36,151,31,18,16,4,14,,2,40,0.265
450,Codi Heuer,CLE,1,1,3.7,22,0,,,,25,107,24,11,10,3,10,,2,25,0.234
451,Jordan Romano,COL,2,2,4.45,26,0,,,,24,101,22,13,12,3,9,,2,27,0.267
452,Andrew Kittredge,BAL,2,2,3.73,30,0,,,,29,122,28,13,12,4,7,,0,29,0.238
453,Jameson Taillon,CHC,4,6,5.1,16,16,,,,86,369,90,53,49,18,24,,2,69,0.187
454,Bennett Sousa,HOU,1,1,3.9,22,0,,,,24,100,20,11,10,3,10,,0,26,0.26
455,Sam Moll,CIN,2,2,4.63,35,0,,,,30,130,26,17,15,3,15,,3,31,0.238
456,Juan Morillo,ARI,2,2,3.77,37,0,,,,33,144,30,15,14,3,17,,2,34,0.236
457,Caleb Kilian,SFG,2,3,4.82,18,7,,,,44,196,47,26,24,6,17,,2,38,0.194
458,Gregory Santos,SFG,1,1,3.82,21,0,,,,23,102,23,11,10,1,11,,2,19,0.186
459,Nick Mears,KCR,2,3,4.53,35,0,,,,32,141,31,18,16,3,15,,1,29,0.206
460,Shaun Anderson,LAA,2,4,5.46,16,9,,,,57,253,66,38,35,10,18,,2,40,0.158
461,Tyler Samaniego,BOS,2,2,4.03,23,1,,,,26,111,25,13,12,2,10,,2,22,0.198
462,Luke Little,CHC,1,1,4.18,23,1,,,,28,123,22,14,13,3,16,,3,32,0.26
463,Jacob Webb,CHC,2,2,4.04,35,0,,,,38,160,32,19,17,5,14,,1,38,0.238
464,Cole Winn,TEX,2,3,4.69,27,3,,,,45,196,41,25,23,5,22,,2,40,0.204
465,Seranthony Domínguez,CHW,3,4,4.34,40,0,,,,36,156,31,19,17,5,18,,2,42,0.269
466,Hoby Milner,CHC,1,1,4.16,39,0,,,,36,153,36,18,17,4,10,,2,28,0.183
467,Calvin Faucher,MIA,3,3,3.98,37,0,,,,35,155,32,17,15,3,19,,1,35,0.226
468,Lyon Richardson,CIN,1,2,5.18,22,4,,,,38,168,38,24,22,5,18,,2,33,0.196
469,Ty Blach,CHC,1,2,5.06,11,7,,,,39,167,44,24,22,6,9,,2,24,0.144
470,Eric Lauer,LAD,3,6,5.56,17,12,,,,68,300,75,45,42,14,24,,2,59,0.197
471,Jose Espada,BAL,2,2,4.65,19,1,,,,27,117,25,15,14,3,13,,0,26,0.222
472,Kody Funderburk,MIN,2,2,4.27,31,1,,,,38,167,37,19,18,3,19,,3,34,0.204
473,Cole Wilcox,SEA,2,3,4.55,19,6,,,,47,208,47,26,24,5,21,,3,39,0.188
474,Zak Kent,WSN,1,2,4.86,19,3,,,,30,134,30,18,16,4,14,,1,28,0.209
475,Michael Petersen,MIA,1,1,4.06,29,0,,,,31,135,30,15,14,4,13,,1,30,0.222
476,José Fermin,LAA,2,3,4.5,32,0,,,,33,144,29,18,17,4,17,,2,35,0.243
477,Victor Mederos,ATL,3,4,5.12,11,10,,,,52,230,54,32,29,7,22,,6,38,0.165
478,Yerry De los Santos,NYY,1,1,4.22,23,0,,,,29,123,27,15,13,3,11,,1,23,0.187
479,Tim Mayza,PHI,1,1,4.15,30,1,,,,28,120,29,14,13,4,9,,1,26,0.217
480,Paul Sewald,ARI,2,2,4.09,29,1,,,,26,108,23,13,12,4,8,,1,27,0.25
481,Ron Marinaccio,SDP,2,2,4.38,31,0,,,,40,170,35,21,20,5,16,,3,38,0.224
482,Matt Gage,SFG,2,2,4.16,35,1,,,,34,147,34,17,16,4,13,,1,28,0.19
483,Carter Baumler,TEX,1,1,4.91,17,1,,,,22,95,20,13,12,2,11,,1,20,0.211
484,Trevor Richards,CHW,0,1,5.37,25,1,,,,31,138,32,20,19,5,13,,1,31,0.225
485,Taylor Clarke,ARI,1,1,4.09,33,2,,,,36,152,37,18,16,4,9,,2,25,0.164
486,Joey Lucchesi,LAA,1,2,4.84,19,4,,,,39,173,42,23,21,5,17,,1,30,0.173
487,Riley Martin,CHC,2,2,4.38,23,1,,,,31,136,27,16,15,4,17,,1,33,0.243
488,Kyle Backhus,PHI,2,2,4.43,29,0,,,,29,123,27,15,14,4,10,,2,29,0.236
489,Erick Fedde,CHW,3,7,5.64,17,14,,,,81,365,91,55,51,15,33,,2,59,0.162
490,Welinton Herrera,COL,2,3,4.43,26,0,,,,31,137,31,17,15,4,13,,2,31,0.226
491,Anthony Banda,MIN,1,2,4.41,38,1,,,,36,159,35,19,18,4,17,,4,34,0.214
492,John Schreiber,KCR,2,2,4.43,40,0,,,,36,154,34,19,18,4,14,,2,31,0.201
493,Connor Phillips,CIN,2,4,5.29,28,6,,,,49,224,45,32,29,7,32,,4,53,0.237
494,Paul Gervase,LAD,2,2,4.66,23,1,,,,31,133,27,17,16,5,15,,2,33,0.248
495,PJ Poulin,WSN,2,3,4.66,35,4,,,,37,166,37,21,19,5,18,,2,36,0.217
496,Franco Aleman,CLE,1,2,4.47,17,0,,,,21,91,20,11,10,3,9,,1,22,0.242
497,Jordan Leasure,CHW,2,4,4.97,36,1,,,,34,149,31,21,19,6,15,,1,39,0.262
498,Tyler Gilbert,CHW,1,2,5.34,20,3,,,,29,130,31,19,17,5,12,,1,26,0.2
499,Riley Cornelio,WSN,2,4,5.24,12,11,,,,53,240,58,34,31,8,25,,1,40,0.167
500,Elvis Alvarado,ATH,2,2,4.19,31,0,,,,35,152,31,18,16,4,17,,2,36,0.237
501,Drew Sommers,DET,1,2,4.35,24,0,,,,29,126,29,15,14,3,11,,2,25,0.198
502,Garrett Acton,MIN,2,2,4.52,23,1,,,,28,124,27,15,14,4,13,,1,29,0.234
503,Tanner Andrews,TOR,1,2,4.53,13,0,,,,20,88,20,11,10,2,9,,0,17,0.193
504,Luis García,,1,1,4.9,31,0,,,,29,131,33,17,16,3,12,,2,22,0.168
505,Nolan Hoffman,PHI,1,2,5.06,22,1,,,,30,132,30,18,17,4,13,,3,28,0.212
506,Peyton Pallette,CHW,2,2,4.4,26,3,,,,38,168,35,20,19,5,19,,4,41,0.244
507,Kyle Nicolas,CIN,1,3,5.24,29,3,,,,40,181,38,25,23,5,24,,3,41,0.227
508,Joel Payamps,ATL,2,2,4.07,31,0,,,,29,122,27,14,13,4,9,,1,27,0.221
509,Ethan Roberts,CHC,1,1,4.08,24,0,,,,27,118,25,13,12,3,11,,3,27,0.229
510,Yariel Rodríguez,TOR,1,2,4.61,28,3,,,,39,168,34,21,20,6,19,,2,38,0.226
511,Matt Svanson,STL,2,2,4.18,34,1,,,,47,203,44,24,22,6,18,,3,44,0.217
512,Beau Brieske,DET,1,2,5.13,19,4,,,,29,129,29,18,17,5,13,,0,25,0.194
513,Chase Shugart,PHI,2,3,4.69,27,2,,,,37,160,37,21,19,6,14,,3,31,0.194
514,Brandyn Garcia,ARI,3,3,4.41,25,4,,,,39,169,37,21,19,4,17,,6,34,0.201
515,Ken Waldichuk,WSN,1,3,5.38,12,8,,,,41,184,41,27,25,6,21,,3,39,0.212
516,José Buttó,SFG,2,2,4.03,30,1,,,,35,152,32,17,16,4,15,,2,32,0.211
517,John King,MIA,2,2,4.06,35,0,,,,34,148,37,17,15,4,11,,2,25,0.169
518,Lou Trivino,PHI,1,1,4.81,23,1,,,,23,102,24,13,12,3,11,,1,21,0.206
519,Greg Weissert,BOS,2,3,4.39,41,0,,,,39,168,38,21,19,5,14,,2,36,0.214
520,Victor Vodnik,COL,2,3,4.49,33,0,,,,35,159,35,19,18,4,19,,1,32,0.201
521,Michael Kelly,ATH,1,2,4.51,22,0,,,,23,101,22,12,11,2,11,,1,20,0.198
522,Zack Kelly,BOS,2,2,4.43,30,1,,,,34,151,32,18,17,4,17,,2,32,0.212
523,Ryan Thompson,ARI,2,2,3.79,34,0,,,,30,127,30,14,13,3,9,,1,23,0.181
524,Orlando Ribalta,WSN,1,1,4.5,23,0,,,,23,104,23,13,12,2,12,,1,21,0.202
525,Joe Ross,TEX,1,1,4.48,17,3,,,,30,133,32,16,15,3,13,,2,22,0.165
526,Jalen Beeks,TEX,2,3,4.68,36,2,,,,39,168,38,22,20,5,15,,2,34,0.202
527,Brooks Kriske,ATH,1,1,4.72,19,0,,,,23,101,21,13,12,4,11,,1,25,0.248
528,Brian Fitzpatrick,MIL,2,2,4.71,17,1,,,,29,127,28,16,15,4,13,,1,26,0.205
529,Justin Lawrence,PIT,2,2,4.39,31,0,,,,33,143,29,17,16,3,17,,4,35,0.245
530,Carlos Estévez,KCR,2,2,4.41,30,0,,,,29,123,26,15,14,4,11,,1,24,0.195
531,Nick Raquet,BAL,2,4,4.91,18,1,,,,29,127,31,17,16,4,10,,2,24,0.189
532,Hunter Bigge,TBR,1,1,4.41,24,0,,,,26,115,24,14,13,3,15,,1,25,0.217
533,Seth Halvorsen,COL,1,2,4.73,25,0,,,,25,112,24,14,13,3,13,,1,24,0.214
534,Matt Pushard,STL,2,2,4.13,25,1,,,,31,132,29,15,14,4,12,,1,27,0.205
535,Hunter Stratton,ATL,1,1,4.35,22,0,,,,26,113,25,14,13,3,9,,2,25,0.221
536,Chris Devenski,PIT,1,1,4.45,20,1,,,,23,98,24,12,11,3,6,,0,18,0.184
537,Jonathan Hernández,LAD,1,1,4.64,21,1,,,,25,112,24,14,13,3,12,,1,23,0.205
538,Christian Roa,CHC,3,3,4.55,20,3,,,,36,162,33,20,18,5,20,,4,35,0.216
539,Jonathan Heasley,TBR,1,2,5.44,12,6,,,,40,174,44,26,24,7,13,,2,28,0.161
540,Valente Bellozo,COL,1,3,5.63,15,7,,,,51,227,59,35,32,10,18,,2,35,0.154
541,Matt Festa,CLE,2,3,4.53,35,0,,,,35,151,33,19,18,5,13,,3,37,0.245
542,Philip Abner,ARI,1,1,4.09,27,0,,,,28,121,27,14,13,4,11,,2,26,0.215
543,Yaramil Hiraldo,BAL,0,1,4.68,22,0,,,,29,126,28,17,15,5,11,,0,30,0.238
544,Cade Gibson,MIA,2,3,4.45,21,3,,,,40,173,40,21,20,5,16,,5,32,0.185
545,David Morgan,SDP,2,2,4.3,29,1,,,,35,151,31,18,17,4,16,,3,36,0.238
546,Grant Anderson,MIL,2,2,4.28,38,0,,,,41,176,38,21,19,6,16,,2,41,0.233
547,Brendon Little,TOR,2,2,4.22,35,0,,,,33,144,28,17,15,4,18,,1,37,0.257
548,Phil Maton,CHC,2,2,4.04,37,0,,,,35,148,29,17,16,4,15,,5,37,0.25
549,Seth Johnson,PHI,2,3,5.02,21,5,,,,37,165,37,22,20,6,19,,1,33,0.2
550,Drew Pomeranz,LAA,1,2,4.9,34,2,,,,30,132,30,18,16,5,12,,3,30,0.227
551,Trevor Martin,TBR,2,3,5.14,17,6,,,,43,187,46,27,24,8,15,,2,35,0.187
552,Ricky Vanasco,DET,1,2,5,14,3,,,,24,110,24,15,14,4,14,,1,23,0.209
553,Tim Hill,NYY,2,2,4.4,38,0,,,,34,146,37,18,17,4,9,,2,19,0.13
554,Kervin Castro,NYY,1,2,4.61,18,0,,,,22,97,20,12,11,3,11,,1,20,0.206
555,Nate Pearson,HOU,1,1,4.53,24,0,,,,28,121,26,15,14,4,13,,1,28,0.231
556,Lake Bachar,MIA,2,2,4.32,30,0,,,,41,179,38,22,20,6,17,,2,45,0.251
557,Aaron Brooks,TBR,2,3,5.59,10,6,,,,41,184,49,27,25,7,15,,2,24,0.13
558,Wandy Peralta,SDP,2,2,4.14,39,1,,,,39,170,36,20,18,4,18,,3,32,0.188
559,Alex Hoppe,SEA,1,1,4.31,23,0,,,,33,148,32,17,16,4,16,,1,32,0.216
560,Tyler Davis,CHW,2,3,4.77,24,0,,,,29,128,28,17,15,3,15,,1,27,0.211
561,Ryan Borucki,SFG,1,2,4.35,30,1,,,,28,121,27,15,14,3,11,,3,25,0.207
562,Kenley Jansen,DET,2,3,4.59,32,0,,,,29,122,26,16,15,5,12,,0,30,0.246
563,Blas Castaño,COL,1,5,6.45,15,10,,,,53,249,70,41,38,8,21,,7,36,0.145
564,Yohan Ramírez,PIT,2,3,4.34,32,0,,,,40,173,36,21,19,4,18,,8,43,0.249
565,Tyler Ferguson,CHC,1,2,4.88,29,0,,,,31,138,29,19,17,4,16,,3,31,0.225
566,Alimber Santa,HOU,1,1,4.15,22,0,,,,32,139,29,16,15,3,16,,1,30,0.216
567,Justin Topa,,1,2,4.87,31,0,,,,31,136,34,18,17,3,11,,2,24,0.176
568,Tejay Antone,CIN,0,1,5.59,10,1,,,,13,60,14,9,8,2,6,,1,11,0.183
569,Tayler Saucedo,LAA,1,1,4.77,19,0,,,,17,76,17,10,9,2,8,,2,16,0.211
570,Chase Lee,TOR,1,2,4.4,25,0,,,,31,130,29,16,15,5,10,,2,30,0.231
571,Taijuan Walker,LAA,3,5,5.55,16,12,,,,66,294,73,44,41,12,25,,3,46,0.156
572,Kyle Finnegan,DET,2,2,4.44,36,0,,,,35,156,35,19,17,4,16,,0,29,0.186
573,Jayden Murray,HOU,1,1,4.61,24,2,,,,37,162,36,21,19,4,16,,3,30,0.185
574,George Soriano,STL,2,2,4.68,33,1,,,,44,190,42,25,23,6,18,,3,41,0.216
575,Craig Kimbrel,TBR,2,3,4.57,32,0,,,,29,129,26,16,15,4,15,,2,33,0.256
576,Josh Walker,BAL,1,1,4.66,19,0,,,,22,98,22,12,11,3,10,,1,21,0.214
577,Alec Gamboa,BOS,2,2,5.01,11,3,,,,27,123,29,16,15,3,14,,1,18,0.146
578,Zach Pop,PHI,1,1,4.93,23,0,,,,23,101,24,14,13,3,8,,1,18,0.178
579,Cody Bolton,HOU,1,1,4.73,17,3,,,,28,127,28,16,15,4,15,,2,26,0.205
580,Logan VanWey,HOU,1,1,4.5,20,0,,,,23,101,21,12,11,3,12,,2,23,0.228
581,Trent Thornton,CHC,1,2,4.47,23,0,,,,27,112,26,14,13,4,8,,1,21,0.188
582,Roddery Muñoz,HOU,2,3,4.93,18,5,,,,43,191,40,26,24,8,22,,2,47,0.246
583,Cam Sanders,PIT,1,2,4.78,23,1,,,,29,131,27,17,15,3,18,,3,29,0.221
584,Alek Jacob,SDP,1,2,4.78,25,0,,,,30,129,27,17,16,4,13,,3,28,0.217
585,Corbin Martin,CHC,1,2,5.12,20,2,,,,29,131,28,18,17,4,16,,1,27,0.206
586,Cionel Pérez,NYM,2,2,4.51,29,0,,,,30,134,28,16,15,2,17,,2,25,0.187
587,Domingo Gonzalez,SEA,1,2,4.32,22,1,,,,31,134,29,16,15,3,14,,3,28,0.209
588,Nick Davila,SEA,1,2,4.78,17,2,,,,32,139,34,18,17,4,12,,1,21,0.151
589,Nick Sandlin,DET,2,2,4.74,28,0,,,,26,114,23,15,14,4,12,,3,26,0.228
590,Josh Ekness,MIA,1,2,4.54,25,0,,,,29,126,26,16,14,3,14,,4,28,0.222
591,Justin Bruihl,STL,1,2,4.49,35,0,,,,36,156,34,19,18,3,15,,5,30,0.192
592,Luis Curvelo,TEX,1,2,5.22,25,0,,,,29,128,28,19,17,5,12,,2,26,0.203
593,Burch Smith,DET,1,1,4.86,18,0,,,,21,93,22,12,11,3,9,,0,20,0.215
594,Chris Roycroft,STL,2,2,4.62,27,0,,,,34,151,34,19,17,3,17,,2,27,0.179
595,Connor Brogdon,CLE,2,3,4.64,30,0,,,,34,149,34,19,18,6,13,,1,36,0.242
596,Eli Morgan,KCR,1,1,4.74,24,0,,,,28,123,29,16,15,4,10,,1,24,0.195
597,Steven Cruz,KCR,1,2,5.13,31,1,,,,31,138,29,19,18,5,16,,2,32,0.232
598,Josh Fleming,TOR,2,3,4.81,19,2,,,,38,168,44,22,20,5,12,,2,18,0.107
599,Ryan Zeferjahn,LAA,2,3,4.72,32,0,,,,36,159,30,21,19,5,21,,5,41,0.258
600,Yunior Marte,CIN,1,1,5.53,20,0,,,,20,88,21,13,12,3,9,,1,18,0.205
601,Andre Granillo,WSN,1,2,4.98,24,0,,,,32,142,32,19,18,5,16,,1,29,0.204
602,Zach Maxwell,CIN,1,2,5.17,30,0,,,,30,136,29,19,17,5,17,,1,32,0.235
603,Brandan Bidois,PIT,1,2,4.84,22,0,,,,27,121,26,16,15,4,14,,1,27,0.223
604,Angel Chivilli,NYY,1,2,5.09,26,0,,,,34,148,33,21,19,6,13,,2,34,0.23
605,Eric Cerantola,KCR,1,2,5.01,18,2,,,,28,127,26,17,16,4,16,,3,29,0.228
606,Zach Agnos,COL,1,2,5.03,26,0,,,,36,155,37,22,20,6,13,,1,28,0.181
607,Tony Santillan,CIN,2,3,5.14,44,0,,,,41,178,38,25,23,7,19,,3,42,0.236
608,Gavin Collyer,TEX,2,3,5.23,27,2,,,,36,161,32,22,21,4,23,,6,36,0.224
609,Joel Peguero,SFG,1,2,4.37,27,0,,,,31,139,32,17,15,3,14,,2,23,0.165
610,Cole Henry,WSN,1,1,5.16,27,1,,,,27,122,24,17,16,4,16,,4,27,0.221
611,Aaron Bummer,CHC,1,2,4.84,28,0,,,,29,129,30,17,16,4,13,,3,30,0.233
612,Gavin Hollowell,CHC,1,1,5.09,18,0,,,,22,96,19,13,12,3,12,,2,22,0.229
613,Wyatt Mills,LAD,1,2,5.58,17,3,,,,23,106,23,16,14,4,13,,3,20,0.189
614,Rolddy Muñoz,ATL,1,1,4.81,19,1,,,,29,129,29,17,15,4,15,,2,25,0.194
615,Yovanny Cruz,NYY,1,1,5.06,16,0,,,,24,104,22,14,13,4,12,,3,23,0.221
616,Luis Mey,CIN,2,3,5.5,29,0,,,,30,136,28,20,18,4,20,,3,32,0.235
617,Josh Simpson,SEA,2,2,4.85,25,0,,,,28,121,25,16,15,4,14,,2,30,0.248
618,Ryan Rolison,CHC,2,2,4.86,25,1,,,,37,163,38,22,20,6,15,,0,29,0.178
619,William Kempner,MIA,2,3,5,22,0,,,,29,130,27,18,16,4,16,,4,28,0.215
620,Lucas Sims,CHW,1,3,5.97,27,0,,,,25,114,22,18,16,3,18,,4,24,0.211
631,Peter Lambert,HOU,4,4,4.53,21,9,0,0,,72,309,68,39,36,10,29,,3,64,0.207
632,Kade Morris,ATH,0,0,4.1,19,6,0,0,,37,163,34,18,17,5,15,,2,36,