#,Name,Team,W,L,ERA,G,GS,SV,HLD,BS,IP,TBF,H,R,ER,HR,BB,IBB,HBP,SO
1,Paul Skenes,PIT,8,6,3.17,21,21,0,0,,121.1,490,100,46,43,11,31,0,5,132
2,Cristopher Sánchez,PHI,10,5,3.19,21,21,0,0,,124.2,508,111,48,44,10,32,0,4,127
3,Tarik Skubal,DET,7,4,2.91,16,16,0,0,,91,360,71,32,29,9,20,0,3,107
4,Jesús Luzardo,PHI,9,6,3.74,21,21,0,0,,126.2,527,111,57,53,14,42,0,4,140
5,Chris Sale,ATL,8,6,3.71,19,19,0,0,,115.2,479,99,51,48,13,35,0,6,134
6,Dylan Cease,TOR,8,5,3.6,19,19,0,0,,113,471,90,48,45,13,46,0,4,144
7,Logan Webb,SFG,8,7,3.73,20,20,0,0,,117,488,114,52,49,9,32,0,4,99
8,Garrett Crochet,BOS,8,5,3.51,17,17,0,0,,106,433,91,45,41,13,29,0,4,119
9,Zack Wheeler,PHI,8,5,3.53,19,19,0,0,,106,433,87,45,42,13,32,0,5,115
10,Hunter Brown,HOU,8,5,3.47,18,18,0,0,,106.1,437,86,44,41,11,38,0,4,118
11,Jacob Misiorowski,MIL,8,7,3.46,24,19,0,0,,108.2,454,79,45,42,13,50,0,7,147
12,Drew Rasmussen,TBR,7,7,3.72,21,21,0,0,,116.1,476,102,51,48,13,32,0,4,104
13,Jacob deGrom,TEX,7,6,3.61,19,19,0,0,,108,434,86,46,43,15,29,0,3,118
14,Bryan Woo,SEA,8,6,3.7,20,20,0,0,,109.1,444,96,48,45,15,24,0,4,105
15,Joe Ryan,MIN,7,6,3.89,19,19,0,0,,108.1,442,92,50,47,16,27,0,5,116
16,George Kirby,SEA,7,6,3.99,20,20,0,0,,112.1,466,107,53,50,14,27,0,4,102
17,Shohei Ohtani,LAD,8,4,3.33,16,16,0,0,,92.2,379,71,37,34,11,33,0,4,109
18,Ranger Suarez,BOS,8,6,3.73,19,19,0,0,,111.1,463,102,50,46,12,33,0,4,98
19,Yoshinobu Yamamoto,LAD,8,4,3.56,17,17,0,0,,99.2,410,85,42,39,11,32,0,3,104
20,Logan Gilbert,SEA,7,6,3.95,19,19,0,0,,105,431,93,49,46,15,27,0,4,115
21,Landen Roupp,SFG,6,6,3.95,17,17,0,0,,97.2,416,90,46,43,9,39,0,4,93
22,Parker Messick,CLE,6,6,3.91,18,18,0,0,,102,428,93,48,44,13,33,0,5,104
23,Kevin Gausman,TOR,8,7,4.44,21,21,0,0,,116.2,492,111,61,58,17,36,0,3,113
24,Gavin Williams,CLE,7,7,3.98,20,20,0,0,,118.1,500,100,56,52,15,50,0,5,130
25,Nathan Eovaldi,TEX,8,6,3.78,19,19,0,0,,111.1,456,98,50,47,14,29,0,5,101
26,José Soriano,LAA,7,7,3.83,20,20,0,0,,118.1,505,106,54,50,11,51,0,6,114
27,Nolan McLean,NYM,7,6,3.9,19,19,0,0,,108.1,457,97,50,47,13,40,0,6,108
28,Matthew Boyd,CHC,6,5,3.83,17,17,0,0,,93.2,388,82,43,40,12,27,0,4,90
29,Framber Valdez,DET,7,7,3.93,20,20,0,0,,115,487,107,54,50,11,42,0,6,100
30,Spencer Strider,ATL,7,6,4.28,18,18,0,0,,103,437,91,52,49,15,40,0,4,120
31,Cole Ragans,KCR,6,5,3.83,15,15,0,0,,87.2,367,72,40,37,11,35,0,3,102
32,Michael King,SDP,7,6,4.01,19,19,0,0,,108.2,459,95,52,48,13,42,0,5,105
33,MacKenzie Gore,TEX,6,6,4.11,17,17,0,0,,99,420,88,48,45,12,39,0,4,104
34,Cam Schlittler,NYY,6,5,3.88,16,16,0,0,,89.1,374,77,41,38,11,32,0,4,97
35,Gerrit Cole,NYY,8,6,4.21,20,20,0,0,,111.2,466,101,56,52,17,34,0,4,107
36,Braxton Ashcraft,PIT,6,7,4.07,25,17,0,0,,88,371,83,43,40,10,27,0,4,85
37,Max Fried,NYY,6,4,3.48,14,14,0,0,,83.1,345,72,35,32,8,28,0,3,73
38,Michael Wacha,KCR,7,7,4.32,19,19,0,0,,107.2,455,102,55,52,15,34,0,4,86
39,Kyle Bradish,BAL,7,6,4.15,19,19,0,0,,107.1,458,98,53,50,13,43,0,5,104
40,Cade Cavalli,WSN,5,7,4.26,18,18,0,0,,98.1,421,95,50,46,11,35,0,6,89
41,Chase Burns,CIN,6,6,3.98,21,16,0,0,,89.1,370,75,42,39,13,31,0,3,99
42,Casey Mize,DET,6,7,4.17,19,19,0,0,,100,418,94,50,46,14,28,0,5,89
43,Freddy Peralta,NYM,8,6,4.21,20,20,0,0,,116.2,494,101,58,55,17,47,0,5,117
44,Blake Snell,LAD,6,3,3.7,12,12,0,0,,71.1,298,57,31,29,8,31,0,2,87
45,Sonny Gray,BOS,7,6,4.26,19,19,0,0,,103.1,434,99,53,49,15,30,0,4,94
46,Shane McClanahan,TBR,5,7,4.09,19,19,0,0,,94,394,87,46,43,12,31,0,2,91
47,Tyler Glasnow,LAD,6,3,3.91,14,14,0,0,,82.2,343,66,38,36,11,33,0,2,98
48,Max Meyer,MIA,5,7,4.22,18,18,0,0,,97,409,89,49,45,13,33,0,4,95
49,Kris Bubic,KCR,6,6,4.1,20,15,0,0,,89,378,83,44,41,10,32,0,3,84
50,Eury Pérez,MIA,5,6,4.29,17,17,0,0,,91,380,76,46,43,14,33,0,4,96
51,Taj Bradley,MIN,6,6,4.39,17,17,0,0,,105,447,97,55,51,15,40,0,4,103
52,Tanner Bibee,CLE,7,7,4.31,20,20,0,0,,113.1,478,107,58,54,17,35,0,5,97
53,Shota Imanaga,CHC,7,6,4.1,19,19,0,0,,110.1,453,97,54,50,20,28,0,3,107
54,Kyle Harrison,MIL,6,6,4.29,17,17,0,0,,94.2,402,86,49,45,14,34,0,5,103
55,Reid Detmers,LAA,5,7,4.3,25,17,0,0,,88,374,80,45,42,12,31,1,5,98
56,Trey Yesavage,TOR,7,6,4.16,22,18,0,0,,93,392,79,46,43,13,38,0,4,99
57,Sandy Alcantara,MIA,6,8,4.57,20,20,0,0,,120,510,119,65,61,15,38,0,5,83
58,Hunter Greene,CIN,5,5,4.07,13,13,0,0,,75.2,315,62,37,34,12,27,0,4,89
59,Jack Flaherty,DET,6,6,4.55,18,18,0,0,,101.2,436,96,55,51,16,38,0,5,107
60,Nick Lodolo,CIN,6,7,4.44,18,18,0,0,,103.2,440,99,55,51,16,32,0,8,100
61,Trevor Rogers,BAL,7,6,4.64,18,18,0,0,,105.1,454,106,58,54,14,37,0,4,86
62,Grayson Rodriguez,LAA,5,6,4.37,15,15,0,0,,85.1,363,82,44,41,12,29,0,4,82
63,Griffin Jax,TBR,4,5,3.95,25,13,0,0,,74,308,66,35,32,9,24,0,3,78
64,Carlos Rodón,NYY,8,6,4.49,20,20,0,0,,122,519,107,65,61,19,50,0,6,123
65,Davis Martin,CHW,5,7,4.54,18,18,0,0,,102,436,99,55,51,14,36,0,5,91
66,Shane Baz,BAL,7,6,4.61,19,19,0,0,,112.1,484,108,62,58,16,44,0,6,100
67,Noah Cameron,KCR,6,6,4.66,18,18,0,0,,101.2,436,102,56,53,15,34,0,3,84
68,Luis Castillo,SEA,6,6,4.35,30,15,0,0,,87,367,81,45,42,13,28,1,4,83
69,Mitch Keller,PIT,6,8,5.14,20,20,0,0,,108.2,474,117,66,62,15,36,0,6,85
70,Edward Cabrera,CHC,6,6,4.39,17,17,0,0,,97.2,415,88,51,48,13,39,0,5,91
71,Tyler Mahle,SFG,5,6,4.43,17,17,0,0,,92,394,89,48,45,12,34,0,3,76
72,Aaron Nola,PHI,7,7,4.67,20,20,0,0,,108.1,461,107,60,56,18,34,0,3,98
73,Matthew Liberatore,STL,5,7,4.91,18,18,0,0,,99.2,430,104,58,54,14,32,0,4,81
74,Emmet Sheehan,LAD,6,4,4.13,21,15,0,0,,76.1,318,65,37,35,12,27,0,3,84
75,Ryne Nelson,ARI,6,6,4.55,17,17,0,0,,93,393,91,50,47,14,27,0,3,75
76,Shane Bieber,TOR,6,5,4.17,24,15,0,0,,79.2,332,75,40,37,12,23,0,3,77
77,Michael Soroka,ARI,6,6,4.29,23,16,0,0,,83,352,75,42,40,10,31,0,5,76
78,Jack Leiter,TEX,6,6,4.47,18,18,0,0,,103.1,442,92,55,51,15,43,0,5,95
79,Eduardo Rodriguez,ARI,7,7,4.74,22,17,0,0,,104,451,105,59,55,14,41,1,3,82
80,Grant Taylor,CHW,2,2,3.21,53,1,5,8,,60,246,47,23,21,5,21,1,3,71
81,Ben Brown,CHC,4,3,3.74,37,8,0,0,,66.2,277,58,30,28,8,22,1,3,70
82,Janson Junk,MIA,5,7,4.58,22,16,0,0,,81.2,345,85,44,42,11,20,0,3,54
83,Robbie Ray,SFG,6,8,4.87,20,20,0,0,,119.1,517,110,69,65,19,54,0,4,118
84,Will Warren,NYY,6,6,4.34,25,17,0,0,,87.2,374,83,45,42,12,31,0,4,86
85,Nick Martinez,TBR,6,8,4.61,24,19,0,0,,99.2,421,100,54,51,15,26,0,4,65
86,Logan Henderson,MIL,5,6,4.28,24,14,0,0,,74.2,311,66,38,36,13,22,0,3,82
87,Jared Jones,PIT,5,6,4.58,20,15,0,0,,81.2,350,80,45,42,12,27,0,4,78
88,Bryce Miller,SEA,6,6,4.43,27,16,0,0,,87.1,369,82,46,43,13,29,1,3,79
89,David Peterson,NYM,5,6,4.49,21,15,0,0,,76.2,335,80,41,38,8,31,0,4,66
90,Christian Scott,NYM,4,4,4.2,13,13,0,0,,64.2,272,59,32,30,10,21,0,3,63
91,Connor Prielipp,MIN,5,6,4.39,30,13,0,0,,77.1,333,74,41,38,10,30,1,3,75
92,Michael McGreevy,STL,5,8,4.53,24,18,0,0,,92,392,97,49,46,12,24,0,3,61
93,Brandon Woodruff,MIL,5,5,4.28,14,14,0,0,,76.2,318,68,39,36,13,22,0,3,73
94,Chris Bassitt,BAL,6,6,4.84,19,19,0,0,,104.2,456,106,60,56,15,40,0,7,85
95,Andre Pallante,STL,5,7,4.54,18,18,0,0,,100.1,433,102,54,51,11,39,0,4,68
96,Kumar Rocker,TEX,6,6,4.33,24,17,0,0,,85,361,80,44,41,10,30,0,4,68
97,Zac Gallen,ARI,6,7,4.71,20,20,0,0,,108,465,108,60,57,15,39,0,4,87
98,Foster Griffin,WSN,5,8,4.77,18,18,0,0,,104,448,104,59,55,16,36,0,5,89
99,Dustin May,STL,5,8,4.76,26,17,0,0,,90.2,393,89,51,48,11,35,1,6,74
100,Bubba Chandler,PIT,5,6,4.61,25,15,0,0,,80.2,350,77,44,41,11,34,1,4,76
101,Bryce Elder,ATL,6,6,4.75,18,18,0,0,,95.2,411,98,54,50,13,33,0,4,74
102,Joey Cantillo,CLE,5,6,4.24,26,15,0,0,,81.1,348,72,41,38,11,36,1,3,80
103,Carmen Mlodzinski,PIT,4,5,4.64,28,11,0,4,,69.1,301,73,38,36,7,24,1,3,55
104,Steven Matz,TBR,5,7,4.74,24,17,0,0,,87,373,89,49,46,13,27,0,3,68
105,Connelly Early,BOS,5,5,4.18,21,14,0,0,,73,310,67,36,34,10,27,0,4,69
106,Merrill Kelly,ARI,6,6,4.85,18,18,0,0,,105.2,452,106,61,57,17,35,0,3,77
107,Payton Tolle,BOS,4,4,4.04,16,11,0,0,,58.1,243,50,28,26,9,20,0,2,60
108,J.T. Ginn,ATH,5,6,4.57,24,15,0,0,,79,340,77,43,40,11,30,1,5,72
109,Ryan Weathers,NYY,5,4,4.19,27,12,0,0,,71.1,302,66,36,33,10,25,1,3,71
110,Luis Severino,ATH,6,7,5.11,19,19,0,0,,109.2,481,114,67,62,17,42,0,7,92
111,Gage Jump,ATH,4,5,4.89,14,14,0,0,,74.1,324,76,43,40,11,27,0,3,71
112,Andrew Abbott,CIN,6,7,4.9,19,19,0,0,,107.2,462,107,63,59,19,38,0,3,82
113,Dean Kremer,BAL,5,5,4.46,18,13,0,0,,78.1,332,75,42,39,12,26,0,3,70
114,Justin Verlander,DET,4,5,4.81,14,14,0,0,,80,344,76,46,43,13,30,0,4,67
115,Jeffrey Springs,ATH,6,7,5.22,19,19,0,0,,107.2,469,113,67,62,19,37,0,3,92
116,Zebby Matthews,MIN,4,6,4.73,20,14,0,0,,72,307,74,41,38,12,20,0,2,64
117,Andrew Painter,PHI,6,6,4.81,22,17,0,0,,92.1,397,95,53,49,15,29,0,3,72
118,Emerson Hancock,SEA,6,6,4.56,38,14,0,0,,92,392,88,50,47,14,31,1,5,80
119,Seth Lugo,KCR,6,7,5.06,19,19,0,0,,109,473,114,65,61,17,38,0,4,82
120,Adrian Houser,SFG,5,6,4.78,20,15,0,0,,78,340,82,44,41,8,29,0,4,50
121,Bailey Ober,MIN,5,7,4.88,19,19,0,0,,99.1,420,97,57,54,20,27,0,4,75
122,Slade Cecconi,CLE,5,7,4.79,18,18,0,0,,98.1,418,100,56,52,17,27,0,4,77
123,Mason Miller,SDP,2,1,2.44,45,0,22,1,,30.1,121,18,9,8,3,12,1,1,46
124,Stephen Kolek,KCR,5,6,4.74,31,15,0,0,,86,373,93,48,45,10,27,1,5,56
125,Andrew Alvarez,WSN,4,5,4.29,38,10,0,0,,74.2,322,74,38,36,8,30,1,3,61
126,Kodai Senga,NYM,4,4,4.56,12,12,0,0,,66,288,60,36,34,9,32,0,3,66
127,Cade Smith,CLE,2,1,3,45,0,22,2,,32.1,131,25,12,11,3,10,1,2,42
128,Braxton Garrett,MIA,3,4,4.54,18,10,0,0,,55.1,236,56,30,28,7,16,0,3,46
129,Tatsuya Imai,HOU,5,5,4.6,15,15,0,0,,79.2,347,72,44,41,11,39,0,5,78
130,Lucas Giolito,SDP,6,7,5.01,18,18,0,0,,105,456,103,62,58,18,44,0,3,82
131,Hunter Dobbins,STL,3,5,4.69,35,10,0,0,,74.2,325,78,42,39,9,27,1,3,53
132,Justin Steele,CHC,2,2,3.7,6,6,0,0,,33.2,139,31,15,14,4,9,0,1,28
133,Yusei Kikuchi,LAA,3,4,4.83,11,11,0,0,,66,286,66,38,35,11,25,0,2,64
134,Mike Burrows,HOU,5,6,4.83,16,16,0,0,,89.1,382,87,51,48,16,31,0,4,79
135,Randy Vásquez,SDP,6,7,5.08,19,19,0,0,,102.2,448,107,62,58,16,37,0,5,67
136,Spencer Arrighetti,HOU,6,7,4.93,23,17,0,0,,86,377,80,50,47,13,41,0,5,83
137,Brandon Pfaadt,ARI,4,5,4.79,27,12,0,0,,72.1,309,75,41,38,11,19,1,3,57
138,Spencer Schwellenbach,ATL,2,1,3.69,5,5,0,0,,28.1,116,26,12,12,3,6,0,1,27
139,Sean Manaea,NYM,5,5,4.69,31,12,0,0,,75.2,325,73,42,39,12,28,1,4,72
140,Sean Burke,CHW,5,7,5.02,18,18,0,0,,98.1,427,94,59,55,17,41,0,5,87
141,Brayan Bello,BOS,6,6,4.74,17,17,0,0,,98,426,101,56,52,13,38,0,5,68
142,Brandon Sproat,MIL,5,6,4.55,22,15,0,0,,76,328,70,41,39,11,32,0,4,70
143,Griffin Canning,SDP,6,6,4.71,20,16,0,0,,92.1,400,87,52,48,14,41,0,3,82
144,Kendry Rojas,MIN,3,3,4.27,38,5,0,0,,56.2,243,54,29,27,6,22,1,2,53
145,Quinn Priester,MIL,3,4,4.5,11,11,0,0,,59,252,59,32,29,8,20,0,3,44
146,Noah Schultz,CHW,4,6,4.8,14,14,0,0,,71.1,310,69,41,38,10,31,0,4,59
147,Jameson Taillon,CHC,6,7,4.81,19,19,0,0,,106.2,449,104,61,57,21,29,0,3,80
148,Roki Sasaki,LAD,6,4,4.69,22,14,0,0,,73.1,317,69,41,38,11,31,0,4,67
149,Ian Seymour,TBR,2,2,3.86,45,2,2,11,,57.2,243,49,27,25,7,21,1,3,59
150,Joe Musgrove,SDP,3,3,4.38,9,9,0,0,,47,198,44,24,23,7,14,0,3,41
151,Aaron Ashby,MIL,2,1,3.52,46,1,3,8,,55,235,46,23,21,4,28,1,3,62
152,Spencer Miles,TOR,2,2,3.8,37,3,0,6,,48.2,204,43,22,21,5,17,1,2,44
153,Kyle Leahy,STL,4,7,5.26,31,15,0,0,,88.2,391,98,55,52,13,32,1,4,68
154,Grant Holmes,ATL,5,5,4.81,27,13,0,0,,74.2,325,74,43,40,11,31,1,3,71
155,Kyle Freeland,COL,5,8,5.84,18,18,0,0,,100.1,447,122,70,65,18,29,0,4,74
156,Drew Anderson,DET,2,2,3.91,44,2,2,9,,54.2,235,43,26,24,6,28,1,3,68
157,Nick Pivetta,SDP,2,2,3.97,5,5,0,0,,28.2,119,24,14,13,4,9,0,1,31
158,Jhoan Duran,PHI,2,1,3.3,44,0,20,1,,33.2,139,29,13,12,3,10,1,2,37
159,Kai-Wei Teng,HOU,3,3,4.38,36,6,0,0,,59,258,53,31,29,7,28,1,5,64
160,Garrett Whitlock,BOS,2,1,3.51,47,0,1,8,,33.1,137,29,14,13,3,9,1,1,36
161,Chase Dollander,COL,3,5,5.26,18,12,0,0,,63,280,66,39,37,9,29,0,4,57
162,Reynaldo López,ATL,3,3,4.77,41,6,0,4,,62.2,270,61,35,33,8,24,1,2,58
163,Trevor McDonald,SFG,2,3,4.31,16,7,0,0,,41,177,41,21,20,4,15,0,3,32
164,Justin Wrobleski,LAD,5,4,4.95,25,12,0,0,,68.2,297,73,40,38,10,23,0,2,51
165,Joe Boyle,TBR,3,3,4.39,21,7,0,0,,48,208,39,25,23,5,27,1,3,50
166,Anthony Kay,CHW,4,7,5.28,16,16,0,0,,90.1,400,93,57,53,14,41,0,5,69
167,Brad Lord,WSN,2,2,4.06,46,2,2,9,,54.2,233,53,27,25,6,18,1,3,44
168,Andrés Muñoz,SEA,2,1,3.33,41,0,18,3,,30.2,127,24,12,11,3,12,1,2,37
169,Peter Lambert,HOU,3,4,4.64,21,9,0,0,,54.1,235,53,30,28,8,21,0,3,48
170,Shane Smith,CHW,2,4,4.72,9,9,0,0,,47.1,205,46,27,25,7,19,0,3,42
171,Chad Patrick,MIL,3,4,4.75,36,8,0,0,,66.2,288,64,38,35,11,25,1,3,60
172,Walbert Ureña,LAA,4,5,4.73,23,12,0,0,,68,299,65,38,36,8,34,1,4,55
173,Colin Rea,CHC,5,5,4.86,22,14,0,0,,73.2,315,74,43,40,12,23,0,3,53
174,Clay Holmes,NYM,2,2,4.04,12,6,0,0,,34.1,147,33,17,15,3,13,0,2,27
175,José A. Ferrer,SEA,2,1,3.57,43,0,2,10,,32,134,31,14,13,2,9,1,1,27
176,Ryan Feltner,COL,4,7,5.69,20,15,0,0,,79,351,88,53,50,12,32,0,3,62
177,Zack Littell,WSN,4,7,5.2,17,17,0,0,,91,390,99,56,53,18,22,0,3,56
178,Hurston Waldrep,ATL,2,3,4.95,8,8,0,0,,42.1,184,43,25,23,5,18,0,2,33
179,Adrian Morejon,SDP,1,1,3.49,44,0,1,9,,29.2,123,26,12,12,3,9,1,1,29
180,Ryan Gusto,MIA,2,3,4.65,18,6,0,0,,40.2,175,40,23,21,6,15,1,2,34
181,Jacob Latz,TEX,2,1,3.82,45,1,13,4,,49.1,209,39,23,21,5,23,1,2,47
182,Tyler Phillips,MIA,3,4,4.82,35,7,0,0,,62,271,64,36,33,7,24,1,3,47
183,Corbin Burnes,ARI,1,1,4.08,4,4,0,0,,22.2,95,21,11,10,3,7,0,1,20
184,Alex Vesia,LAD,2,1,3.5,41,0,3,8,,26.2,111,20,11,10,3,11,1,1,33
185,Pete Fairbanks,MIA,1,1,3.8,40,0,18,2,,28.2,121,24,13,12,3,11,1,1,31
186,Abner Uribe,MIL,2,1,3.36,47,0,12,5,,34,144,27,14,13,2,17,1,2,36
187,Robert Gasser,MIL,2,2,4.37,16,4,0,0,,30,128,28,16,15,4,11,0,2,29
188,Logan Allen,CLE,3,4,4.67,25,9,0,0,,58.1,254,57,33,30,9,24,1,2,49
189,Dylan Lee,ATL,2,1,3.69,42,0,1,10,,28.1,117,24,13,12,4,8,1,1,32
190,Martín Pérez,ATL,3,3,4.72,18,7,0,0,,43.1,189,44,24,23,6,17,0,2,35
191,Aroldis Chapman,BOS,2,1,3.41,41,0,20,1,,29,122,20,12,11,3,15,1,1,38
192,Troy Melton,DET,2,3,4.55,28,5,0,0,,47.1,202,45,26,24,7,16,1,2,43
193,Miles Mikolas,WSN,3,6,5.26,14,14,0,0,,70.1,303,78,44,41,13,18,0,2,43
194,Cody Bradford,TEX,2,1,3.97,18,3,0,0,,27.1,113,25,13,12,4,7,0,1,22
195,Raisel Iglesias,ATL,2,1,3.78,43,0,19,2,,29,120,26,13,12,4,8,1,1,31
196,Shane Drohan,MIL,2,2,4.14,41,2,0,7,,53,227,46,26,24,6,24,1,2,55
197,Devin Williams,NYM,2,1,3.57,42,0,18,3,,29.1,124,23,13,12,3,14,1,2,37
198,Welinton Herrera,COL,1,1,3.92,32,0,0,3,,24,103,23,11,10,2,10,1,1,26
199,David Bednar,NYY,2,1,3.79,43,0,22,1,,30,125,25,13,13,3,10,1,1,32
200,Mick Abel,MIN,2,3,4.9,13,7,0,0,,39.1,172,39,23,21,6,17,0,2,36
201,Evan Sisk,PIT,1,1,3.71,38,0,0,8,,27,117,24,12,11,2,13,1,1,30
202,Thomas White,MIA,1,2,4.49,4,4,0,0,,21,91,20,11,10,3,9,0,1,20
203,Gregory Soto,PIT,2,1,3.82,43,0,18,2,,30.2,132,27,14,13,3,14,1,2,33
204,A.J. Minter,NYM,2,1,3.71,38,0,0,8,,26.2,110,23,12,11,3,9,1,1,27
205,Matt Brash,SEA,2,1,3.91,40,0,3,8,,30,129,26,14,13,3,14,1,2,33
206,Gabe Speier,SEA,2,1,3.9,39,0,0,8,,29,122,26,14,13,4,9,1,1,33
207,Jack Kochanowicz,LAA,5,7,4.91,26,16,0,0,,85.2,376,90,50,47,11,34,1,6,56
208,Dax Fulton,MIA,2,2,4.59,21,4,0,0,,36.2,160,36,20,19,4,16,1,2,31
209,JR Ritchie,ATL,3,4,4.97,10,10,0,0,,53.1,232,53,31,29,8,21,0,3,41
210,Bryan Baker,TBR,2,1,3.94,44,0,20,3,,33.1,141,27,16,15,4,14,1,2,38
211,Brandon Young,BAL,4,4,4.97,19,10,0,0,,55.1,239,57,33,30,9,19,0,2,42
212,Didier Fuentes,ATL,2,1,4.27,38,1,0,6,,41,174,37,21,19,6,14,1,2,44
213,José Alvarado,PHI,2,1,3.92,41,0,1,10,,31.1,134,28,15,14,3,13,1,2,33
214,Max Scherzer,TOR,4,5,5.12,20,13,0,0,,68.1,293,66,41,39,14,23,0,3,59
215,Keaton Winn,SFG,2,2,4.46,43,1,6,7,,47,203,47,25,23,5,16,1,3,40
216,Louis Varland,TOR,2,1,3.96,44,0,15,4,,31,131,28,15,14,4,11,1,1,35
217,Hunter Barco,PIT,2,2,4.32,23,3,0,0,,34.2,151,33,18,17,4,15,1,2,30
218,Orion Kerkering,PHI,2,1,3.8,39,0,0,8,,30,126,27,14,13,3,10,1,2,28
219,Tyler Rogers,TOR,2,1,3.65,47,0,1,10,,33,136,32,14,13,3,7,1,2,21
220,Tyler Alexander,TEX,2,2,4.41,44,3,1,10,,55.2,235,54,29,27,8,15,1,2,42
221,Walker Buehler,SDP,4,5,5.13,18,13,0,0,,73.1,321,74,45,42,11,31,0,4,53
222,Luinder Avila,KCR,2,2,4.28,34,2,0,3,,41.2,180,38,21,20,4,19,1,3,36
223,Jonah Tong,NYM,1,1,4.08,14,3,0,0,,25,107,22,12,11,3,11,0,1,26
224,Josh Hader,HOU,1,1,3.47,36,0,18,2,,25.1,105,18,11,10,4,10,0,1,34
225,Jake Bennett,BOS,2,2,4.27,12,4,0,0,,27,115,27,14,13,3,9,0,1,20
226,Brycen Mautz,STL,2,3,4.73,24,5,0,0,,45,196,45,25,24,6,18,1,2,38
227,Jeff Hoffman,TOR,2,1,4,41,0,5,8,,28.2,121,23,14,13,4,12,1,2,37
228,Shawn Armstrong,CLE,1,1,4.02,40,0,1,10,,28.2,120,26,14,13,3,9,0,2,30
229,Tanner Scott,LAD,2,1,3.66,42,0,11,7,,27.1,116,23,12,11,3,12,1,1,31
230,Mason Montgomery,PIT,2,1,4.05,43,0,2,8,,30.2,132,27,15,14,3,13,1,1,35
231,Patrick Sandoval,BOS,2,1,4.14,19,3,0,0,,30.1,133,28,15,14,3,15,1,1,27
232,Jacob Lopez,ATH,4,6,5.3,24,13,0,0,,71.2,317,71,45,42,13,32,0,4,62
233,David Festa,MIN,1,1,4.29,17,2,0,0,,23.2,101,21,12,11,3,9,0,1,25
234,Kevin Ginkel,ARI,1,1,4.01,41,0,1,9,,29,124,27,14,13,3,10,1,1,28
235,Jack Dreyer,LAD,1,1,3.5,33,0,0,5,,21.2,89,17,9,8,2,8,1,1,22
236,Andrew Morris,MIN,1,1,4.17,39,0,2,8,,26.2,114,26,13,12,3,8,1,1,22
237,Kevin Kelly,TBR,2,1,3.92,41,0,1,9,,31,130,30,15,14,3,8,1,2,24
238,Will Vest,DET,2,1,3.93,40,0,1,7,,28.2,122,27,14,13,3,10,1,1,28
239,Jack Perkins,ATH,1,1,3.84,35,0,1,6,,25,107,21,11,11,2,11,1,2,27
240,Jake Irvin,WSN,3,5,4.96,18,10,0,0,,54,234,55,32,30,9,18,0,2,43
241,Carson Whisenhunt,SFG,2,2,4.84,12,5,0,0,,29.2,130,31,17,16,4,11,0,1,23
242,Keider Montero,DET,3,4,5.14,18,10,0,0,,54.2,238,57,33,31,9,19,0,3,41
243,Sam Hentges,SFG,1,1,4.14,37,0,0,7,,25,107,24,12,11,2,9,0,1,23
244,A.J. Puk,ARI,1,1,3.96,32,0,4,2,,23,97,20,11,10,3,8,1,1,24
245,Juan Morillo,ARI,1,1,3.81,40,0,0,8,,28.1,122,25,13,12,2,13,1,2,27
246,Ryan Fernandez,STL,1,1,4.07,33,0,0,3,,25.1,108,23,12,11,3,10,1,1,27
247,Patrick Corbin,TOR,4,6,5.63,19,14,0,0,,70.1,310,79,47,44,12,26,0,2,54
248,Daniel Palencia,CHC,2,1,3.98,43,0,22,1,,29.2,127,25,14,13,3,13,1,2,32
249,Chris Martin,TEX,1,1,4.03,39,0,1,8,,25.1,105,26,12,11,3,4,1,1,20
250,Bryan King,HOU,2,1,3.83,43,0,3,8,,30.2,130,27,14,13,3,12,1,2,27
251,David Sandlin,CHW,3,5,5.23,18,10,0,0,,54.2,239,56,34,32,10,21,0,2,46
252,Rhett Lowder,CIN,3,5,5.25,20,12,0,0,,63.2,279,69,40,37,10,23,0,3,44
253,Andrew Nardi,MIA,1,1,4.07,39,0,1,8,,28,119,24,14,13,4,11,1,1,31
254,Erik Miller,SFG,1,1,3.71,41,0,4,9,,27.2,120,22,12,11,2,16,1,1,29
255,Caleb Thielbar,CHC,2,1,3.85,40,0,1,10,,27.2,116,23,13,12,4,11,1,1,29
256,Tanner Gordon,COL,3,5,5.87,26,10,0,0,,64.1,285,78,45,42,12,17,1,2,50
257,Lance McCullers Jr.,HOU,3,3,4.69,17,7,0,0,,43,188,39,24,22,6,22,0,3,40
258,Garrett Cleavinger,TBR,2,1,3.99,44,0,2,9,,33.1,142,27,16,15,4,15,1,2,40
259,Colin Holderman,CLE,1,1,3.93,39,0,0,9,,27.2,118,24,13,12,3,11,0,2,28
260,Riley O'Brien,STL,1,1,4.03,43,0,20,2,,32.2,142,29,16,15,3,16,1,3,34
261,Matt Strahm,KCR,1,1,3.9,30,0,0,0,,20.1,85,17,9,9,3,6,0,1,22
262,Karson Milbrandt,MIA,1,1,4.2,11,2,0,0,,18.2,81,17,9,9,2,9,0,1,18
263,Bryan Hudson,CHW,1,1,3.83,44,0,1,9,,31.1,134,27,14,13,3,13,1,2,29
264,JoJo Romero,STL,1,1,3.99,43,0,4,9,,32.2,140,31,16,15,3,13,1,2,29
265,Ryan Helsley,BAL,1,1,3.85,33,0,14,3,,22.1,94,19,10,10,3,8,1,1,23
266,River Ryan,LAD,1,1,4.59,4,4,0,0,,19.2,85,19,11,10,3,7,0,1,17
267,Mason Fluharty,TOR,1,1,3.85,37,0,0,8,,26,110,22,12,11,3,11,1,1,27
268,Kenley Jansen,DET,2,1,4,38,0,13,3,,27.1,114,21,13,12,4,12,1,1,31
269,Graham Ashcraft,CIN,1,1,4.06,43,0,3,10,,30,129,29,15,14,3,11,1,2,27
270,Coleman Crow,MIL,1,1,4.35,14,3,0,0,,24.1,102,23,13,12,4,7,0,1,21
271,Travis Adams,MIN,1,1,4.57,36,1,0,0,,40,173,39,22,20,5,15,1,2,35
272,Aaron Civale,ATH,4,6,5.63,15,15,0,0,,76.1,336,84,51,48,15,26,0,4,56
273,Robert Suarez,ATL,2,1,4.1,44,0,3,8,,29.2,126,27,15,14,4,10,1,1,29
274,Brant Hurter,DET,1,1,3.65,27,0,0,0,,19,80,18,8,8,1,6,1,1,16
275,Jordan Wicks,CHC,1,1,4.47,15,3,0,0,,26,111,26,14,13,3,9,0,1,21
276,Phil Maton,CHC,2,1,4.08,41,0,1,9,,28.1,121,25,14,13,3,12,1,2,31
277,Eduardo Rivera,BOS,1,0,3.12,21,0,0,0,,14.2,63,11,6,5,1,7,1,1,16
278,Cade Povich,BAL,2,2,4.68,19,4,0,0,,33,143,32,18,17,5,13,1,1,30
279,Tyler Holton,DET,2,1,3.74,41,0,1,8,,29.1,122,27,13,12,4,7,0,1,24
280,Caleb Kilian,SFG,1,1,4.22,41,0,13,5,,27.2,120,26,14,13,3,12,1,2,25
281,Will Dion,CLE,1,1,3.7,23,0,0,0,,16,68,14,7,7,2,6,0,1,16
282,Mason Englert,TBR,2,2,4.71,27,3,0,0,,40.1,172,41,23,21,7,12,1,2,33
283,Lucas Erceg,KCR,2,1,4.21,43,0,16,4,,29.2,129,28,15,14,3,13,1,2,24
284,Cade Gibson,MIA,1,1,4.04,34,0,0,3,,24.1,105,23,12,11,2,10,1,2,22
285,Edwin Díaz,LAD,1,0,3.83,21,0,8,0,,13.2,57,11,6,6,2,5,0,1,18
286,Jeremiah Estrada,SDP,1,1,4.07,41,0,0,9,,27.2,118,23,13,13,4,12,1,1,32
287,Braydon Fisher,TOR,2,1,4.05,39,0,1,8,,27.1,118,22,13,12,3,14,1,2,30
288,Matt Svanson,STL,1,1,4,29,0,0,0,,22.1,96,21,11,10,2,9,1,1,20
289,Jovani Morán,BOS,1,1,3.86,38,0,0,7,,27,116,22,12,12,3,14,1,1,29
290,Jordan Montgomery,TEX,1,2,4.77,10,4,0,0,,25,107,26,14,13,3,8,0,1,17
291,Dylan Dodd,ATL,1,1,4.36,39,0,0,8,,26.1,112,26,14,13,3,8,1,1,25
292,Brady Singer,CIN,5,8,5.55,19,19,0,0,,106.1,469,116,70,66,20,39,0,6,82
293,Elmer Rodríguez,NYY,1,1,4.15,13,2,0,0,,20.1,88,19,10,9,2,9,0,1,17
294,Trevor Megill,MIL,1,1,4.47,42,0,6,7,,30,130,28,16,15,4,12,1,1,35
295,Simeon Woods Richardson,MIN,3,4,5.18,33,8,0,0,,62.1,273,63,38,36,10,26,1,2,46
296,Ryan Thompson,ARI,1,1,4.22,39,0,0,7,,27.2,118,28,14,13,3,9,1,1,21
297,Grant Wolfram,BAL,1,1,4.19,33,0,0,3,,22.1,96,21,11,10,2,10,1,1,23
298,Anthony Bender,MIA,1,1,4.25,41,0,2,8,,29.2,126,27,15,14,3,12,1,2,28
299,Will Klein,LAD,2,1,4.13,39,0,2,8,,25.1,112,22,13,12,2,14,1,2,29
300,Zach Thornton,NYM,1,1,4.6,12,3,0,0,,23,98,23,13,12,3,7,0,1,18
301,Cole Sands,MIN,1,1,4.51,37,0,8,6,,25.1,108,25,14,13,3,8,0,1,22
302,Jake Bird,NYY,1,1,4,33,0,0,3,,23,98,20,11,10,2,10,1,2,24
303,Camilo Doval,NYY,2,1,4,41,0,1,9,,28.2,122,25,14,13,3,13,1,2,27
304,Cooper Criswell,SEA,2,1,4.62,37,1,0,7,,43.2,189,45,24,22,5,15,1,3,36
305,Kyle Hurt,LAD,2,1,4.15,43,0,2,11,,28,122,24,14,13,3,15,1,2,32
306,Blake Treinen,LAD,2,1,4.16,37,0,1,8,,24,103,22,12,11,3,9,1,1,24
307,Mitchell Parker,WSN,2,2,4.75,36,2,0,4,,43.1,189,44,25,23,5,17,1,1,34
308,Ryan Walker,SFG,1,1,4.26,27,0,0,0,,18,77,17,9,8,2,7,0,1,17
309,Eduard Bazardo,SEA,2,1,4.44,40,0,1,9,,30,128,28,16,15,4,11,1,1,29
310,Luke Little,CHC,1,1,3.28,26,0,0,0,,17.2,77,13,7,7,1,11,1,1,18
311,Bryan Abreu,HOU,2,1,4.25,41,0,1,10,,29,125,25,15,14,4,13,0,2,32
312,Hayden Harris,ATL,1,1,4.22,33,0,0,3,,22.1,96,19,11,10,2,11,0,1,25
313,Jonathan Loáisiga,ARI,1,1,4.26,40,0,1,10,,28.1,121,29,15,13,3,8,1,2,20
314,Blade Tidwell,SFG,1,1,4.33,15,1,0,0,,18,78,16,9,9,2,8,0,1,17
315,Justin Martinez,ARI,1,0,3.49,18,0,0,0,,13.1,57,11,5,5,1,7,0,1,14
316,Nolan Hoffman,PHI,1,0,3.88,17,0,0,0,,13.2,58,13,6,6,1,6,0,1,13
317,Cristian Javier,HOU,3,4,5.29,10,10,0,0,,51,223,48,32,30,9,24,0,2,39
318,Yimi García,TOR,1,1,4.02,29,0,0,0,,20.1,85,18,10,9,3,7,0,1,21
319,Tyler Kinley,ATL,2,1,4.32,41,0,0,8,,27.2,118,24,14,13,4,12,1,1,29
320,Austin Peterson,CLE,1,1,4.59,11,2,0,0,,18,77,18,10,9,3,5,0,1,14
321,Ty Johnson,TBR,1,1,4.62,2,2,0,0,,10,42,9,5,5,1,3,0,1,9
322,Sean Newcomb,CHW,1,1,4.15,42,0,1,8,,30,130,27,15,14,3,14,1,2,28
323,Andrew Kittredge,BAL,1,1,4.35,40,0,1,8,,27,115,26,14,13,4,8,1,1,26
324,Paul Sewald,ARI,2,1,4.34,42,0,18,3,,30,126,25,15,14,5,11,1,1,32
325,Jimmy Herget,COL,1,1,4.85,35,0,0,6,,26.1,113,27,15,14,4,8,1,1,25
326,Jared Koenig,MIL,1,1,3.98,32,0,0,3,,22.1,95,20,11,10,3,8,1,1,22
327,Robinson Ortiz,SEA,1,1,3.97,29,0,0,0,,21.2,93,19,10,10,3,9,1,1,22
328,Richard Lovelady,WSN,1,1,4.19,39,0,2,7,,26.2,115,26,13,12,3,10,1,1,22
329,Justin Bruihl,STL,1,1,4.4,39,0,0,9,,29.2,130,29,16,15,3,12,1,2,23
330,Jason Foley,SFG,1,1,4.4,33,0,0,0,,22,95,24,12,11,2,7,0,1,15
331,Justin Slaten,BOS,2,1,4.27,42,0,1,11,,29.2,127,28,15,14,4,11,1,1,29
332,Max Rajcic,STL,1,1,4.6,12,1,0,0,,17.2,76,17,10,9,2,6,0,1,14
333,Sam Bachman,LAA,1,1,4.04,42,0,8,7,,31.1,135,27,15,14,3,15,1,2,29
334,Hunter Gaddis,CLE,2,1,4.28,42,0,1,10,,30,127,27,15,14,5,10,1,2,28
335,Yerry De los Santos,NYY,1,1,4.01,26,0,0,0,,18,77,17,9,8,2,7,0,1,15
336,Jason Adam,SDP,1,1,3.95,42,0,1,11,,28.1,119,24,13,12,3,10,1,2,23
337,Jonathan Pintaro,NYM,1,1,4.1,31,0,0,3,,21.2,93,19,11,10,2,11,1,1,22
338,Steven Okert,HOU,1,1,4.21,34,0,0,4,,24,102,20,12,11,4,10,0,1,26
339,Ethan Pecko,HOU,1,1,4.68,2,2,0,0,,10.2,45,10,6,6,2,4,0,0,10
340,Steven Cruz,KCR,1,1,4.16,36,0,0,7,,24.2,106,21,12,11,3,11,1,1,24
341,Alex Hoppe,SEA,1,1,4.37,34,0,0,5,,25.1,111,24,13,12,3,12,1,1,26
342,Edwin Uceta,TBR,1,1,4.15,20,0,0,0,,14.2,63,12,7,7,2,6,0,1,18
343,Cody Laweryson,MIN,1,0,4.22,18,0,0,0,,11.2,49,11,6,5,1,4,0,1,11
344,Kody Funderburk,MIN,1,1,4.21,30,0,1,5,,20.1,88,19,10,9,1,9,0,1,17
345,Alimber Santa,HOU,1,1,4.06,32,0,0,3,,22.2,98,19,11,10,3,12,1,1,25
346,Robert Garcia,TEX,1,1,4.03,29,0,0,0,,18.1,78,17,9,8,2,7,1,1,17
347,Brenan Hanifee,DET,1,1,4.26,37,0,0,6,,26.1,114,27,14,13,3,9,1,1,19
348,Luke Weaver,NYM,2,1,4.41,44,0,4,8,,30.2,131,29,16,15,5,11,1,1,32
349,Quinn Mathews,STL,1,1,4.96,3,3,0,0,,14,62,14,8,8,2,7,0,1,12
350,Seranthony Domínguez,CHW,1,1,4.2,42,0,13,4,,30,128,24,15,14,4,14,0,2,33
351,John King,MIA,1,1,4.22,36,0,0,6,,26,111,27,13,12,2,7,0,1,17
352,Codi Heuer,CLE,1,1,4.14,31,0,0,3,,22,93,21,11,10,2,8,1,1,18
353,Carson Seymour,SFG,1,1,4.69,14,2,0,0,,20.2,91,21,12,11,2,9,0,1,17
354,Yohan Ramírez,PIT,1,1,4.4,40,0,1,8,,28.2,125,26,15,14,3,13,1,3,30
355,Brendon Little,TOR,1,1,3.7,25,0,0,0,,17.2,76,15,8,7,1,9,1,1,19
356,Hunter Harvey,CHC,1,1,4.09,22,0,0,0,,15,63,14,7,7,2,4,0,1,15
357,Adam Macko,TOR,1,1,4.17,33,0,0,0,,23,100,20,12,11,3,11,1,1,24
358,Brooks Raley,NYM,2,1,4.53,41,0,1,10,,28.2,125,27,16,14,4,12,1,2,30
359,John Klein,MIN,1,1,4.36,27,0,0,3,,18,78,16,9,9,2,7,1,1,18
360,Matt Pushard,STL,1,1,4.41,35,0,0,5,,27,116,25,14,13,3,11,1,1,24
361,Chris Paddack,CIN,1,2,5.46,5,5,0,0,,26,113,29,17,16,5,8,0,1,18
362,Kutter Crawford,BOS,1,1,4.44,13,1,0,0,,17,72,16,9,8,3,6,0,1,15
363,Tim Mayza,PHI,2,1,4.31,40,0,0,8,,30.2,132,31,16,15,4,11,1,1,26
364,Yennier Cano,BAL,1,1,4.28,39,0,0,7,,26.1,113,26,14,13,3,9,0,1,22
365,Jaden Hill,COL,1,1,4.98,40,0,1,9,,30,133,31,18,17,4,13,1,2,30
366,Nick Davila,SEA,1,1,4.45,31,0,0,3,,23.1,100,23,12,12,3,8,1,1,19
367,Tim Herrin,CLE,1,1,4.08,37,0,0,8,,26.1,114,23,13,12,3,12,1,2,24
368,Calvin Faucher,MIA,1,1,4.75,38,0,1,7,,27.1,121,27,15,14,3,13,1,1,26
369,Seth Halvorsen,COL,1,1,4.77,36,0,1,7,,27,119,27,15,14,3,12,1,1,26
370,Daniel Lynch IV,KCR,2,1,4.31,42,0,1,9,,29,124,27,15,14,4,11,1,1,25
371,Ethan Roberts,CHC,1,1,4.17,31,0,0,3,,21.1,91,19,11,10,2,9,1,1,20
372,Gavin Collyer,TEX,1,1,4.12,33,0,0,4,,21.1,92,17,10,10,2,11,1,2,22
373,Cole Winn,TEX,1,1,4.07,32,0,0,3,,20.2,88,17,10,9,2,10,1,1,19
374,Eric Orze,MIN,1,1,4.65,38,0,1,8,,26,114,24,14,13,3,12,1,1,25
375,Hunter Stratton,ATL,1,1,4.56,30,0,0,0,,20.1,88,19,11,10,2,8,0,1,18
376,Eric Cerantola,KCR,1,1,4.08,26,0,0,0,,17.1,76,14,9,8,2,10,0,1,20
377,Ryan Zeferjahn,LAA,1,1,4.44,41,0,5,7,,30.1,133,26,16,15,4,16,1,3,35
378,José Urquidy,PIT,1,1,5.08,18,2,0,0,,26,112,27,16,15,4,8,0,1,20
379,Clarke Schmidt,NYY,1,0,4.36,6,1,0,0,,10.1,45,10,5,5,1,4,0,1,10
380,Justin Lawrence,PIT,1,1,4.61,37,0,0,7,,26.1,118,25,14,14,3,14,1,2,26
381,Ryan Johnson,LAA,1,1,4.54,18,1,0,0,,22.2,98,23,12,11,3,8,1,1,19
382,Tobias Myers,NYM,2,1,4.83,38,1,0,7,,42.1,184,43,24,23,7,15,1,2,35
383,Rico Garcia,BAL,2,1,4.45,43,0,4,8,,29.1,126,26,16,14,5,13,1,1,32
384,Hagen Smith,CHW,1,1,4.96,3,3,0,0,,15.1,67,14,9,8,2,8,0,1,14
385,Hoby Milner,CHC,1,1,4.18,38,0,0,8,,26.1,111,27,13,12,3,7,0,1,18
386,Riley Cornelio,WSN,2,4,5.38,18,7,0,0,,43,191,44,28,26,7,20,1,2,35
387,Brent Headrick,NYY,2,1,4.48,40,0,0,9,,27.2,120,26,15,14,4,10,1,1,28
388,DJ Herz,WSN,0,1,4.25,8,1,0,0,,10.2,47,9,5,5,1,6,0,1,11
389,Hayden Wesneski,HOU,1,1,4.26,11,1,0,0,,14.2,62,13,7,7,2,5,0,1,14
390,Clayton Beeter,WSN,1,1,4.29,40,0,12,5,,27.1,119,23,14,13,3,16,1,2,30
391,Tyler Samaniego,BOS,1,1,4,28,0,0,0,,19.2,85,18,10,9,2,8,1,1,16
392,Jacob Webb,CHC,2,1,4.27,41,0,1,9,,28.1,121,25,14,13,4,12,1,1,28
393,Bennett Sousa,HOU,1,0,4.07,19,0,0,0,,13.1,56,12,6,6,2,5,0,1,14
394,Wikelman González,CHW,1,1,4,20,0,0,0,,14,61,11,7,6,1,8,0,1,15
395,Evan Phillips,LAD,1,0,3.97,14,0,0,0,,9,38,8,4,4,1,3,0,0,9
396,Trenton Denholm,CLE,1,1,4.52,9,1,0,0,,12.1,53,12,7,6,2,4,0,0,10
397,Matt Festa,CLE,1,1,4.43,33,0,0,5,,23.1,100,21,12,12,3,10,1,2,24
398,Gordon Graceffo,STL,1,1,4.6,36,0,0,7,,27.2,120,28,15,14,3,10,1,1,20
399,Kyle Backhus,PHI,1,0,4.06,13,0,0,0,,10.2,46,10,5,5,1,4,0,1,10
400,Trey Gibson,BAL,1,1,4.77,15,2,0,0,,21.2,95,22,12,12,3,9,0,1,18
401,Sam Moll,CIN,1,1,4.26,36,0,1,5,,25,108,23,13,12,3,11,1,1,23
402,DL Hall,MIL,2,1,4.06,41,0,1,8,,29.1,127,25,14,13,3,15,1,2,29
403,Tristan Beck,SFG,1,0,4.46,17,0,0,0,,11,48,11,6,5,1,4,0,1,9
404,Kervin Castro,NYY,1,1,4.09,22,0,0,0,,15.1,65,14,7,7,2,6,1,1,14
405,Yuki Matsui,SDP,1,1,4.21,33,0,0,3,,22,95,19,11,10,3,10,1,1,21
406,Brad Keller,PHI,2,1,4.13,44,0,2,9,,33.2,146,30,17,15,4,17,1,2,33
407,Brusdar Graterol,LAD,0,0,3.38,10,0,0,0,,6.1,26,6,3,2,0,2,0,0,4
408,Cal Quantrill,TEX,2,2,4.76,29,2,0,0,,35,151,33,20,18,5,13,1,2,25
409,Mason Barnett,ATH,1,2,5.24,20,3,0,0,,31.1,139,32,19,18,5,15,1,2,27
410,Jonathan Cannon,CHW,2,3,5.26,16,6,0,0,,38,166,40,24,22,6,14,0,2,26
411,Anthony Molina,ATL,1,0,4.49,16,0,0,0,,10.2,46,11,6,5,1,3,0,0,8
412,Liam Hendriks,CHC,0,0,3.93,9,0,0,0,,6.1,26,6,3,3,1,2,0,0,7
413,Drew Thorpe,CHW,1,1,4.77,2,2,0,0,,10.1,44,10,6,5,2,4,0,0,7
414,Lazaro Estrada,TOR,1,1,4.76,12,1,0,0,,16,68,15,9,8,3,6,0,1,15
415,Brandan Bidois,PIT,1,1,4.49,34,0,0,3,,24.1,106,21,13,12,3,12,1,1,26
416,Mitch Bratt,ARI,0,0,4.62,1,1,0,0,,5,22,5,3,3,1,1,0,0,4
417,Brent Suter,LAA,1,1,4.34,39,0,0,7,,29,124,28,15,14,4,11,0,1,24
418,Tyler Wells,BAL,2,1,4.28,39,0,1,8,,26.1,110,23,14,13,5,8,1,1,24
419,Danny Coulombe,BOS,1,1,4.28,40,0,0,8,,28.1,120,26,15,13,4,11,1,1,25
420,Ricky Vanasco,DET,1,1,4.33,34,0,0,3,,24.1,106,21,13,12,3,13,1,1,25
421,Taylor Rogers,MIN,1,1,4.91,41,0,4,8,,28.1,124,28,17,15,4,12,1,2,27
422,Ryan Borucki,SFG,1,1,4.23,34,0,0,3,,22.2,98,22,12,11,2,9,0,1,18
423,Cole Wilcox,SEA,1,0,4.33,14,0,0,0,,10.2,47,10,6,5,1,5,0,1,10
424,Jalen Beeks,TEX,1,1,4.2,40,0,1,8,,26,112,24,13,12,3,10,1,1,21
425,Josh Stephan,TEX,1,1,4.57,11,2,0,0,,16.2,71,16,9,8,3,5,0,1,12
426,Josiah Gray,WSN,1,2,5.36,4,4,0,0,,22,97,22,14,13,4,10,0,1,17
427,Joe Mantiply,TOR,1,0,4.29,14,0,0,0,,9.2,42,10,5,5,1,3,0,0,8
428,Chase Lee,TOR,1,1,4.33,21,0,0,0,,14.2,63,14,8,7,2,5,1,1,14
429,Juan Mejia,COL,1,1,5,41,0,8,5,,30.2,138,31,18,17,4,16,1,2,32
430,Ryan Brasier,TEX,0,0,3.97,12,0,0,0,,6.2,27,6,3,3,1,2,0,0,6
431,George Klassen,LAA,1,1,5.22,2,2,0,0,,10.1,46,11,6,6,2,5,0,1,8
432,Brady Basso,ATH,1,1,4.51,27,0,0,0,,19,82,19,10,9,2,7,1,1,17
433,Logan VanWey,HOU,1,1,4.21,26,0,0,0,,18.1,79,16,9,9,2,9,1,1,20
434,Dylan Smith,SFG,1,0,4.31,15,0,0,0,,9.2,42,9,5,5,1,4,0,1,9
435,Erick Fedde,CHW,2,4,5.53,9,9,0,0,,46.2,205,49,30,29,9,19,0,2,30
436,John Schreiber,KCR,1,1,4.5,39,0,1,8,,27,116,27,14,13,3,10,1,1,20
437,James Karinchak,ATL,1,1,4.71,26,0,0,0,,17.1,77,14,10,9,2,10,0,1,21
438,Gavin Hollowell,CHC,1,1,4.12,20,0,0,0,,13.2,59,11,7,6,2,7,1,1,14
439,Brock Burke,CIN,1,1,4.57,41,0,1,8,,28.2,124,29,16,15,4,10,1,1,25
440,Ryan Watson,BOS,1,1,4.58,31,0,0,3,,22,95,21,12,11,3,8,1,1,19
441,Josh Simpson,SEA,1,1,4.19,27,0,0,0,,20.1,89,18,10,9,2,11,1,1,22
442,Jakob Junis,TEX,1,1,4.48,42,0,4,7,,27.2,116,27,15,14,4,7,1,1,21
443,Wilber Dotel,PIT,1,1,4.73,29,1,0,0,,33.2,148,32,19,18,5,16,1,2,30
444,Colin Selby,BAL,1,1,4.28,22,0,0,0,,14.2,63,13,7,7,2,7,0,1,14
445,Matt Gage,SFG,1,1,4.81,38,0,0,8,,25.2,113,27,15,14,3,11,1,1,22
446,Félix Bautista,BAL,0,0,3.66,7,0,0,0,,5,21,4,2,2,1,2,0,0,6
447,Jack Wenninger,NYM,1,1,4.9,6,2,0,0,,14,61,14,8,8,2,5,0,1,12
448,Tommy Nance,TOR,0,0,4.28,13,0,0,0,,9,39,8,5,4,1,4,0,1,9
449,Josh Sborz,TEX,1,1,4.51,22,0,0,0,,13.2,58,12,7,7,2,6,0,1,13
450,Domingo Gonzalez,SEA,1,1,4.49,21,0,0,0,,16,69,15,9,8,2,7,0,1,15
451,Jonathan Bowlan,PHI,2,1,4.69,36,0,0,6,,27.2,121,27,16,14,4,11,1,1,26
452,Nestor German,BAL,0,0,4.71,5,1,0,0,,8.2,37,8,5,5,1,3,0,0,8
453,Braden Nett,ATH,1,1,5.13,13,2,0,0,,20,90,20,12,11,3,10,0,1,18
454,Greg Weissert,BOS,1,1,4.44,41,0,1,9,,29,124,28,15,14,4,10,1,1,25
455,Andrew Hoffmann,ARI,1,1,4.81,28,0,0,0,,20,89,20,12,11,2,9,1,1,18
456,Gavin Stone,LAD,0,0,4.83,1,1,0,0,,5,22,5,3,3,1,2,0,0,4
457,Pete Hansen,STL,0,0,4.99,1,1,0,0,,5,22,6,3,3,1,2,0,0,3
458,Max Lazar,PHI,1,0,4.43,12,0,0,0,,10,42,10,5,5,1,3,0,0,8
459,Brody Hopkins,TBR,0,1,5.26,2,2,0,0,,10,44,10,6,6,1,5,0,1,8
460,Garrett Acton,MIN,1,1,4.53,21,0,0,0,,13.2,59,12,7,7,2,6,1,1,15
461,Chase Shugart,PHI,1,1,4.63,31,0,0,3,,24,104,24,13,12,3,9,1,1,22
462,Luis Curvelo,TEX,1,0,4.15,18,0,0,0,,10.2,45,9,5,5,2,4,0,1,10
463,Cristian Mena,ARI,0,0,4.2,7,0,0,0,,5.2,24,5,3,3,1,2,0,0,6
464,Tayler Saucedo,LAA,1,1,4.44,29,0,0,0,,21.1,93,21,11,11,2,9,1,1,20
465,Chase Silseth,LAA,1,1,4.37,38,0,0,8,,28.1,122,25,15,14,3,13,1,2,28
466,Carlos Rodriguez,MIL,1,1,4.31,20,0,0,0,,13.1,57,11,7,6,2,6,0,1,12
467,Javier Assad,CHC,1,1,4.69,15,1,0,0,,18.2,81,18,10,10,2,8,0,1,14
468,Tanner Banks,PHI,1,1,4.79,34,0,0,4,,26.1,114,27,15,14,4,9,0,1,24
469,Spencer Turnbull,,1,1,5.36,2,2,0,0,,10.1,45,11,6,6,2,5,0,1,7
470,Ty Madden,DET,1,1,4.81,12,1,0,0,,15.2,67,15,9,8,2,6,0,1,15
471,JP Sears,SDP,1,1,4.61,12,1,0,0,,15,64,14,8,8,2,5,0,1,12
472,Joe Rock,CHW,0,0,4.02,12,0,0,0,,8,34,7,4,4,1,3,0,0,7
473,Ryan Yarbrough,NYY,1,1,4.36,34,0,0,5,,23.2,101,22,12,11,3,8,1,2,19
474,Michael Fulmer,SFG,0,0,4.48,9,0,0,0,,6.1,27,6,3,3,1,3,0,0,6
475,Brandon Eisert,CHW,1,1,4.63,34,0,0,4,,24.1,105,24,13,12,3,9,1,1,22
476,Easton McGee,MIL,1,0,4.48,15,0,0,0,,9.1,40,9,5,5,1,3,0,0,8
477,Thomas Harrington,PIT,1,1,5.15,10,1,0,0,,14,61,15,9,8,2,5,0,1,11
478,Austin Warren,NYM,1,1,4.57,35,0,0,5,,24.1,106,24,13,12,3,10,1,1,23
479,Matt Waldron,SDP,1,1,4.92,8,1,0,0,,11,48,11,6,6,2,4,0,1,9
480,Mitch Farris,LAA,1,1,4.67,35,0,0,3,,26,114,25,14,13,3,12,1,1,26
481,Carlos Estévez,KCR,1,1,4.69,22,0,3,0,,14.2,63,14,8,8,2,5,0,1,12
482,Sammy Peralta,COL,1,1,4.93,19,0,0,0,,14,62,15,8,8,2,5,1,1,11
483,Caden Dana,LAA,1,2,5.38,5,5,0,0,,27.1,120,27,17,16,5,11,0,1,23
484,Cole Henry,WSN,1,1,4.47,34,0,3,9,,23,100,20,12,11,3,11,1,2,22
485,Kyle Finnegan,DET,2,1,4.55,41,0,3,7,,29.1,127,28,16,15,4,12,1,1,25
486,Danny Young,ATL,0,0,4.23,9,0,0,0,,6.1,27,6,3,3,1,3,0,0,6
487,José Leclerc,SDP,0,0,4.33,15,0,0,0,,9.2,42,8,5,5,1,5,0,1,10
488,Cameron Foster,BAL,1,1,4.66,26,0,0,0,,17.1,76,17,10,9,2,8,0,1,16
489,Taylor Rashi,ARI,1,1,4.37,22,0,0,0,,16,69,14,8,8,2,8,1,1,15
490,Kohl Drake,ARI,0,0,5.16,1,1,0,0,,5,22,5,3,3,1,2,0,0,4
491,Garrett Hawkins,SDP,1,1,4.38,18,0,0,0,,11.2,50,10,6,6,2,5,0,1,11
492,Joel Payamps,ATL,0,0,4.43,7,0,0,0,,4.2,20,5,3,2,1,1,0,0,4
493,Brendan Beck,NYY,0,0,4.28,12,0,0,0,,8.1,35,7,4,4,1,3,0,0,8
494,Caleb Ferguson,CIN,1,1,4.62,34,0,0,3,,23.2,103,24,13,12,3,10,0,1,19
495,Seth Johnson,PHI,1,1,4.56,24,0,0,0,,18.2,82,17,10,10,2,9,1,1,19
496,Marco Raya,MIN,1,0,4.37,16,0,0,0,,10,44,9,5,5,1,5,0,1,9
497,Rolddy Muñoz,ATL,0,0,4.3,12,0,0,0,,8,34,7,4,4,1,4,0,0,8
498,Gabriel Hughes,COL,1,1,5.23,15,1,0,0,,19.2,88,21,12,12,3,8,0,1,17
499,Miguel Ullola,HOU,0,0,3.96,8,0,0,0,,5.2,25,4,3,3,1,4,0,0,7
500,Ian Hamilton,ATL,0,0,4.38,8,0,0,0,,5.1,24,5,3,3,1,2,0,0,5
501,Joel Kuhnel,ATH,1,1,5.03,40,0,3,8,,28.2,125,32,17,16,4,8,1,2,20
502,Paxton Schultz,WSN,1,1,4.82,31,0,0,3,,21,92,20,12,11,3,10,1,1,20
503,Jesse Scholtens,TBR,1,2,5.39,12,3,0,0,,23.2,103,25,15,14,4,8,0,1,18
504,Fernando Cruz,NYY,2,1,4.63,42,0,1,9,,29.1,128,25,16,15,5,15,0,2,38
505,Gregory Santos,SFG,1,1,4.72,24,0,0,0,,16,70,17,9,8,1,6,0,1,10
506,Bruce Zimmermann,STL,0,0,4.57,7,0,0,0,,6.1,27,7,3,3,1,2,0,0,6
507,Alek Jacob,SDP,1,1,4.44,21,0,0,0,,13.2,59,13,7,7,2,6,0,1,12
508,Kade Strowd,ARI,1,1,4.45,20,0,0,0,,14.2,64,14,8,7,1,7,0,1,13
509,Colton Gordon,HOU,1,0,4.49,14,0,0,0,,9.2,41,9,5,5,1,3,0,0,9
510,Yariel Rodríguez,TOR,1,1,4.35,35,0,0,3,,24.2,107,20,13,12,3,13,1,2,25
511,Spencer Bivens,SFG,0,0,4.43,13,0,0,0,,8.1,36,8,4,4,1,3,0,0,6
512,Keegan Akin,BAL,1,1,4.64,37,0,0,5,,25,108,25,14,13,4,9,1,1,22
513,Ryan Ramsey,KCR,0,0,5.4,1,1,0,0,,5,22,5,3,3,1,2,0,0,4
514,Joey Gerber,NYM,1,1,4.69,24,0,0,0,,16.2,72,16,9,9,2,7,1,1,16
515,Zach Pop,PHI,1,1,4.44,29,0,0,0,,22.1,98,23,12,11,2,8,1,1,16
516,Rob Zastryzny,MIL,1,1,4.58,27,0,0,0,,18.2,80,18,10,9,3,7,0,1,18
517,Reiver Sanmartin,SFG,0,0,4.39,8,0,0,0,,5.2,24,6,3,3,0,2,0,0,4
518,Ryan Webb,CLE,0,0,5.2,1,1,0,0,,5.1,23,5,3,3,1,2,0,0,4
519,Braydon Tucker,PHI,0,0,5.35,1,1,0,0,,5,22,5,3,3,1,2,0,0,3
520,Ronel Blanco,HOU,1,1,4.6,6,1,0,0,,10.2,46,9,6,6,2,5,0,0,11
521,Alec Gamboa,BOS,1,1,4.06,23,0,0,0,,16.1,70,14,8,7,1,8,1,1,13
522,George Soriano,STL,1,1,4.81,40,0,1,9,,30.2,135,30,17,16,4,14,1,2,26
523,Alex Carrillo,NYM,1,0,4.36,13,0,0,0,,8.2,38,7,5,4,1,4,0,1,10
524,Bailey Falter,KCR,1,1,5,14,1,0,0,,17,74,17,10,9,3,6,0,1,13
525,Tyler Uberstine,BOS,0,0,5.28,1,1,0,0,,5,22,5,3,3,1,2,0,0,4
526,Joel Peguero,SFG,1,1,4.89,40,0,2,8,,27,120,28,16,15,3,13,1,2,22
527,Dane Dunning,SEA,0,0,5.41,1,1,0,0,,5,22,5,3,3,1,2,0,0,4
528,Sean Guenther,DET,0,0,4.27,7,0,0,0,,5.1,22,5,3,2,1,2,0,0,4
529,McCade Brown,COL,0,0,5.9,1,1,0,0,,4.2,20,5,3,3,1,2,0,0,4
530,José Suarez,ATH,1,1,4.99,26,0,0,0,,18,80,18,11,10,3,8,1,1,18
531,Jeff Criswell,COL,1,1,5.13,17,0,0,0,,12.2,56,12,8,7,2,6,1,1,13
532,Cody Bolton,HOU,0,0,4.41,8,0,0,0,,5.2,25,5,3,3,1,3,0,0,5
533,Vince Velasquez,CHC,0,0,5.24,1,1,0,0,,5,22,5,3,3,1,2,0,0,4
534,Carlos Lagrange,NYY,0,0,4.15,7,0,0,0,,5,21,4,2,2,1,3,0,0,6
535,Tim Hill,NYY,2,1,4,43,0,1,11,,30,128,31,14,13,3,9,1,1,15
536,Alex McFarlane,PHI,0,0,4.42,9,0,0,0,,7.2,33,7,4,4,1,4,0,0,8
537,Juan Burgos,ARI,0,0,4.34,11,0,0,0,,8.1,36,8,4,4,1,4,0,1,7
538,Ryan Weiss,HOU,1,0,4.57,16,0,0,0,,11,49,10,6,6,2,5,0,1,12
539,Wyatt Mills,LAD,1,0,4.52,18,0,0,0,,11.2,51,11,6,6,1,5,0,1,11
540,Yovanny Cruz,NYY,1,1,4.39,27,0,0,0,,18.2,81,16,10,9,3,9,1,1,19
541,Yosver Zulueta,SEA,0,0,4.24,6,0,0,0,,5,21,4,2,2,0,3,0,0,5
542,Yoendrys Gómez,MIN,1,1,4.73,40,0,4,8,,27.1,121,25,15,14,4,14,1,2,27
543,Enmanuel De Jesus,DET,1,1,4.98,36,0,0,5,,25.2,115,26,15,14,3,12,1,2,22
544,Joe La Sorsa,PIT,0,0,4.42,12,0,0,0,,8.1,36,9,5,4,1,3,0,0,6
545,Dennis Santana,PIT,1,1,4.91,41,0,2,10,,29.1,129,30,17,16,4,12,1,2,24
546,Jack Ralston,MIA,0,0,4.33,13,0,0,0,,9.1,41,8,5,5,1,6,0,1,10
547,Grant Anderson,MIL,1,1,4.59,40,0,0,8,,28.2,123,27,16,15,4,11,1,2,27
548,Paul Gervase,LAD,1,1,4.37,27,0,0,0,,17.2,76,15,9,9,3,9,1,1,19
549,Austin Love,STL,0,0,4.69,15,0,0,0,,12.1,53,12,7,6,2,5,0,1,11
550,Yoniel Curet,DET,0,0,4.16,5,0,0,0,,3.2,16,3,2,2,0,2,0,0,4
551,Prelander Berroa,CHW,0,0,4.21,5,0,0,0,,3.2,16,3,2,2,0,2,0,0,4
552,Jordan Romano,COL,0,0,5.08,12,0,0,0,,8.2,39,9,5,5,1,3,0,0,9
553,Lake Bachar,MIA,1,1,4.79,35,0,0,5,,25.1,110,23,14,13,4,12,1,1,27
554,Sawyer Gipson-Long,DET,1,1,5.01,9,1,0,0,,12.1,53,13,7,7,2,4,0,1,10
555,Justin Hagenman,NYM,0,0,4.59,9,0,0,0,,6.1,27,6,4,3,1,2,0,0,6
556,PJ Poulin,WSN,1,1,4.49,30,0,0,0,,20.1,88,19,11,10,2,9,1,1,17
557,Stephen Jones,MIA,0,0,4.74,5,0,0,0,,3.2,16,4,2,2,0,2,0,0,3
558,James McArthur,KCR,0,0,4.69,8,0,0,0,,5.2,25,6,3,3,1,2,0,0,5
559,Elvis Alvarado,ATH,1,1,4.76,33,0,0,3,,23.1,103,22,13,12,3,12,1,2,23
560,Ben Peoples,CHW,0,0,4.37,13,0,0,0,,8.2,38,8,5,4,1,4,0,0,8
561,Tanner McDougal,CHW,0,0,5.36,1,1,0,0,,5,22,5,3,3,1,2,0,0,4
562,Angel Chivilli,NYY,1,1,4.43,20,0,0,0,,13.2,59,13,7,7,2,5,0,1,12
563,Yilber Díaz,ARI,0,0,4.54,13,0,0,0,,9.2,43,8,5,5,1,6,0,1,10
564,Tate Kuehner,MIL,0,0,4.11,9,0,0,0,,7,30,6,3,3,1,4,0,0,7
565,Brock Stewart,LAD,1,0,4.83,22,0,0,0,,14.1,63,13,8,8,2,7,0,1,17
566,Cameron Weston,BAL,0,0,5.37,1,1,0,0,,5.1,23,5,3,3,1,2,0,0,4
567,Mitch Spence,KCR,1,1,5.05,19,1,0,0,,22.1,97,24,13,13,3,8,1,1,16
568,Jake Cousins,LAD,0,0,4.34,5,0,0,0,,3.1,14,3,2,2,0,2,0,0,4
569,Max Kranick,WSN,0,0,4.82,10,0,0,0,,6,26,6,3,3,1,2,0,0,5
570,Michael Darrell-Hicks,PIT,0,0,4.88,7,0,0,0,,5,22,5,3,3,1,2,0,0,4
571,Jayden Murray,HOU,1,1,4.48,24,0,0,0,,17,73,16,9,8,2,7,0,1,14
572,Chris Roycroft,STL,1,1,4.88,27,0,0,0,,21,94,22,12,11,2,10,1,1,15
573,Samy Natera Jr.,LAA,0,0,4.42,14,0,0,0,,10,44,8,5,5,1,5,0,1,12
574,Alan Rangel,PHI,2,2,5.58,12,4,0,0,,28.1,125,30,19,18,6,11,0,1,23
575,Chad Dallas,TOR,1,1,4.82,11,1,0,0,,15,65,14,9,8,2,7,0,1,13
576,Evan Fitterer,SDP,0,0,4.17,9,0,0,0,,6.1,28,6,3,3,1,4,0,0,5
577,Yaramil Hiraldo,BAL,0,0,4.59,7,0,0,0,,5,21,4,3,3,1,2,0,0,5
578,Jake Bloss,TOR,0,0,4.53,7,0,0,0,,5,21,4,3,2,1,2,0,0,5
579,AJ Smith-Shawver,ATL,0,0,4.57,5,0,0,0,,3.1,15,3,2,2,0,2,0,0,4
580,Bailey Horn,DET,1,0,4.46,16,0,0,0,,11,48,10,6,5,1,5,0,1,10
581,Josh Walker,BAL,1,0,4.55,16,0,0,0,,10.1,45,10,6,5,1,5,0,0,10
582,Alexis Díaz,TEX,0,0,4.41,11,0,0,0,,5.2,25,5,3,3,1,3,0,1,6
583,Carlos Vargas,SEA,0,0,4.6,5,0,0,0,,4,18,4,2,2,0,2,0,0,3
584,Jhony Brito,SDP,1,1,4.61,17,0,0,0,,11,48,11,6,6,1,4,0,0,7
585,Andry Lara,WSN,0,0,4.65,4,0,0,0,,3,12,3,2,1,0,1,0,0,2
586,Daniel Duarte,NYM,1,1,4.47,30,0,0,0,,21,91,20,11,10,2,10,1,1,17
587,Julian Fernández,WSN,1,1,4.63,21,0,0,0,,13.2,60,13,8,7,2,6,0,1,12
588,Michael Grove,TBR,0,0,4.99,11,0,0,0,,7.2,34,8,5,4,1,3,0,0,8
589,Tucker Davidson,PHI,0,0,5.69,1,1,0,0,,5,23,6,3,3,1,2,0,0,3
590,Bobby Miller,LAD,0,0,4.58,8,0,0,0,,5.1,23,5,3,3,1,2,0,0,5
591,Huascar Brazobán,NYM,2,1,4.44,40,0,1,9,,28,122,25,15,14,3,15,1,2,25
592,Drey Jameson,ARI,1,0,4.82,15,0,0,0,,11,49,11,6,6,1,4,0,1,9
593,Ronan Kopp,LAD,0,0,4.31,7,0,0,0,,4.2,20,4,2,2,0,3,0,0,5
594,Beau Brieske,DET,1,1,4.64,18,0,0,0,,12.1,54,12,7,6,2,5,0,1,10
595,Jake Miller,CLE,0,0,4.51,5,0,0,0,,3.2,16,3,2,2,1,2,0,0,3
596,Connor Brogdon,CLE,0,0,4.69,6,0,0,0,,4.1,19,4,2,2,1,2,0,0,4
597,Bryse Wilson,PHI,0,0,5.9,1,1,0,0,,5,23,6,4,3,1,2,0,0,3
598,Chris Devenski,PIT,1,1,5.12,26,0,0,0,,18.2,80,19,11,11,3,7,0,1,18
599,Michel Otañez,TEX,1,0,4.44,17,0,0,0,,10,45,8,5,5,1,7,0,1,11
600,Geoff Hartlieb,ATH,0,0,5.22,5,0,0,0,,3.2,17,4,2,2,1,2,0,0,4
601,Chen Zhong-Ao Zhuang,ATH,0,0,4.97,7,0,0,0,,5.1,22,5,3,3,1,2,0,0,4
602,Johan Oviedo,BOS,0,0,4.49,11,0,0,0,,7.2,34,7,4,4,1,4,0,1,7
603,Zak Kent,WSN,1,1,4.75,25,0,0,0,,16.2,73,16,9,9,2,7,1,1,14
604,Drew Smith,MIN,0,0,5.12,10,0,0,0,,5.2,25,6,3,3,1,2,0,0,5
605,Eduarniel Núñez,BAL,1,1,4.5,20,0,0,0,,13,58,11,7,7,1,8,0,1,13
606,Landon Knack,LAD,0,0,4.92,4,0,0,0,,2.2,11,2,2,1,0,1,0,0,3
607,Anthony Banda,MIN,1,1,4.93,37,0,1,6,,25.1,112,25,15,14,3,11,1,1,23
608,Ryan Rolison,CHC,1,1,4.4,37,0,0,7,,25.1,110,25,13,12,3,10,1,1,21
609,Gus Varland,WSN,1,1,5.12,41,0,6,7,,28,124,29,17,16,4,12,1,2,25
610,Chris Murphy,CHW,1,1,4.42,24,0,0,0,,17,74,15,9,8,2,8,1,1,15
611,Trevor Williams,WSN,1,1,5.26,15,1,0,0,,18,79,20,11,11,3,6,0,1,13
612,Grant Hartwig,MIN,0,0,4.92,9,0,0,0,,6.2,29,7,4,4,1,3,0,0,6
613,Scott Barlow,ATH,1,1,4.8,41,0,3,9,,29.1,129,27,17,16,4,15,1,2,29
614,Luis Mey,CIN,1,1,4.45,20,0,0,0,,13.1,60,12,7,7,1,8,0,1,14
615,Chayce McDermott,LAD,1,0,4.68,12,0,0,0,,7.2,34,6,4,4,1,5,0,0,9
616,Cole Sulser,TBR,1,1,4.68,32,0,0,3,,24,105,23,13,13,3,10,1,1,21
617,Zack Kelly,BOS,1,1,4.61,27,0,0,0,,19,84,18,11,10,2,9,1,1,17
618,Logan Gillaspie,SDP,0,0,4.91,12,0,0,0,,7.2,33,8,4,4,1,3,0,0,6
619,Ben Casparius,LAD,1,0,4.91,16,0,0,0,,10.1,45,10,6,6,2,5,0,1,10
620,Rafael Montero,NYY,0,0,4.85,4,0,0,0,,2.2,12,3,2,2,0,1,0,0,3
621,Derek Law,ARI,0,0,5.14,9,0,0,0,,7,31,8,4,4,1,3,0,0,5
622,Carson Palmquist,WSN,0,0,4.72,13,0,0,0,,8,36,7,5,4,1,4,0,0,8
623,Zach Brzykcy,MIA,0,0,4.94,10,0,0,0,,7.1,32,7,4,4,1,4,0,0,7
624,Shane Murphy,CHW,0,0,4.48,7,0,0,0,,5,22,5,3,3,1,2,0,0,4
625,Ken Waldichuk,WSN,0,0,4.96,5,0,0,0,,3.2,16,3,2,2,1,2,0,0,3
626,Luis Peralta,CHC,1,0,4.44,17,0,0,0,,11.2,51,10,6,6,1,7,0,1,12
627,Beck Way,KCR,0,0,4.76,10,0,0,0,,6,27,5,3,3,1,3,0,1,5
628,Mike Clevinger,PIT,0,0,5.17,14,0,0,0,,10,44,10,6,6,2,4,0,1,8
629,Steven Wilson,TBR,0,0,4.85,9,0,0,0,,7,30,6,4,4,1,3,0,0,7
630,Scott Blewett,STL,1,1,5.21,21,0,0,0,,16.2,74,17,10,10,2,7,0,1,14
631,Pedro Avila,CLE,0,1,4.91,14,0,0,0,,9.1,42,10,6,5,1,5,0,1,8
632,Brooks Kriske,ATH,1,0,4.98,14,0,0,0,,9.1,41,8,5,5,1,5,0,1,11
633,Victor Vodnik,COL,1,1,5.14,27,0,2,0,,20,91,22,12,12,2,10,1,1,17
634,Justin Sterner,ATH,1,1,4.89,39,0,1,8,,27.2,120,26,16,15,5,10,1,2,27
635,TJ Shook,COL,0,0,5.56,8,0,0,0,,6,27,6,4,4,1,3,0,0,6
636,Christian Roa,CHC,0,0,4.77,7,0,0,0,,5,22,4,3,3,1,3,0,0,5
637,Doug Nikhazy,CHC,0,0,4.64,9,0,0,0,,6.1,28,5,3,3,1,4,0,0,6
638,Michael Lorenzen,COL,4,8,6,26,17,0,0,,89.1,402,104,64,60,16,35,0,4,62
639,Kirby Yates,LAA,1,1,4.66,39,0,3,9,,29,126,24,16,15,4,15,1,2,33
640,Chase Solesky,TBR,1,1,5.21,19,1,0,0,,24.1,107,25,15,14,4,10,1,1,20
641,Nate Pearson,HOU,2,1,4.66,40,0,1,8,,28.1,123,25,16,15,4,13,1,2,28
642,Jack Anderson,BOS,1,1,4.87,19,0,0,0,,13.1,58,14,8,7,2,4,0,1,11
643,Ryne Stanek,STL,1,1,4.85,41,0,1,11,,31.1,138,28,18,17,4,17,1,1,31
644,Orlando Ribalta,WSN,1,1,4.77,38,0,1,6,,26,114,24,15,14,4,13,1,1,22
645,Julian Aguiar,CIN,1,1,4.98,13,1,0,0,,16.1,71,17,10,9,3,5,0,1,12
646,Daysbel Hernández,ATL,1,1,4.81,22,0,0,0,,14.2,66,13,8,8,2,9,0,1,14
647,Duncan Davitt,CHW,1,1,4.86,16,0,0,0,,11,48,11,6,6,2,4,0,1,10
648,Isaac Mattson,PIT,1,1,5.07,33,0,0,0,,23.2,105,23,14,13,3,13,1,1,21
649,Trent Thornton,CHC,1,1,4.82,33,0,0,4,,22.2,99,23,13,12,3,8,0,1,18
650,Jackson Rutledge,PHI,0,0,5.1,10,0,0,0,,8.1,37,9,5,5,1,4,0,1,7
651,Germán Márquez,SDP,2,2,5.45,13,5,0,0,,30.2,135,33,20,19,6,11,0,1,21
652,Jared Shuster,STL,0,0,5.08,12,0,0,0,,10,44,10,6,6,1,4,0,0,7
653,Hogan Harris,ATH,2,1,4.78,43,0,9,7,,30.2,137,28,18,16,4,17,1,2,31
654,Tyler Schweitzer,CHW,1,1,4.58,22,0,0,0,,15.1,67,15,8,8,2,6,0,1,12
655,Zach Maxwell,CIN,1,1,4.86,28,0,0,0,,19.1,86,17,11,10,3,11,1,1,21
656,Andre Granillo,WSN,1,1,4.94,18,0,0,0,,11.2,51,11,7,6,2,6,0,1,10
657,Jason Alexander,HOU,1,1,5.25,19,2,0,0,,26.2,118,29,17,16,4,10,1,1,20
658,Tyler Ferguson,CHC,0,0,4.83,13,0,0,0,,8.2,39,8,5,5,1,5,0,1,8
659,Bradley Blalock,MIA,1,1,5.07,16,0,0,0,,11.2,51,12,7,7,2,5,1,1,9
660,Misael Tamarez,SDP,0,0,4.97,7,0,0,0,,5,21,4,3,3,1,3,0,0,4
661,Enyel De Los Santos,HOU,2,1,4.79,41,0,1,8,,29,126,28,17,15,5,11,1,2,27
662,AJ Blubaugh,HOU,1,1,4.56,36,0,0,6,,25.1,111,23,14,13,4,12,1,1,23
663,Dietrich Enns,BAL,0,0,5.31,8,0,0,0,,5.2,25,6,4,3,1,3,0,0,5
664,Tyler Gilbert,CHW,1,1,4.83,17,0,0,0,,11.2,51,11,7,6,2,5,0,1,10
665,Jake Eder,LAD,0,0,5.18,9,0,0,0,,6,26,6,4,3,1,3,0,0,5
666,Eli Morgan,KCR,1,1,5.15,27,0,0,0,,18.1,79,19,11,10,3,6,0,1,15
667,Taylor Clarke,ARI,1,1,4.78,42,0,0,9,,30,128,31,17,16,5,8,1,1,21
668,Victor Mederos,ATL,0,0,5.17,13,0,0,0,,8.2,38,9,5,5,1,4,0,1,7
669,Josh Staumont,CIN,0,0,5.14,9,0,0,0,,6.2,29,6,4,4,1,4,0,0,6
670,Brennan Bernardino,COL,1,1,5.39,40,0,1,8,,30,135,34,19,18,4,13,1,2,25
671,Alex Lange,KCR,1,1,4.92,37,0,1,8,,25.1,114,24,15,14,3,15,0,2,24
672,Ty Adcock,SDP,1,0,4.69,16,0,0,0,,10.1,45,10,6,5,2,4,0,0,9
673,Craig Kimbrel,TBR,1,1,4.77,36,0,0,7,,27.1,119,23,15,14,4,15,1,2,32
674,Adbert Alzolay,NYM,1,0,4.92,16,0,0,0,,11,47,11,6,6,2,3,0,1,9
675,Jordan Hicks,CHW,1,1,4.57,26,0,0,0,,18.1,81,17,10,9,2,9,0,1,14
676,Valente Bellozo,COL,0,0,5.53,10,0,0,0,,7.1,32,8,5,4,1,3,0,0,5
677,Sam Aldegheri,LAA,1,2,5.27,23,3,0,0,,35.1,158,37,22,21,5,17,1,2,27
678,Tanner Andrews,TOR,1,0,5.06,18,0,0,0,,12.2,56,12,8,7,2,6,0,1,11
679,Hagen Danner,CIN,0,0,5.28,11,0,0,0,,7,31,7,4,4,1,3,0,0,6
680,Charlie Barnes,LAD,0,0,5.42,10,0,0,0,,6.1,29,7,4,4,1,3,0,0,5
681,Kyle Hart,SDP,1,1,4.75,28,0,0,0,,18.2,82,18,11,10,3,8,0,1,16
682,Austin Voth,TOR,0,0,5.55,8,0,0,0,,5.2,25,6,4,3,1,2,0,0,5
683,Casey Legumina,TBR,1,1,4.96,35,0,0,5,,26.1,116,27,16,15,4,11,1,1,22
684,Wandy Peralta,SDP,1,1,4.18,36,0,0,5,,24.1,105,23,12,11,2,12,1,1,17
685,Tommy Kahnle,BOS,1,0,4.67,15,0,0,0,,10.2,47,10,6,5,1,5,0,1,9
686,Jake Woodford,MIL,1,1,4.96,35,0,0,4,,24.2,109,26,15,14,4,9,1,1,19
687,Burch Smith,DET,1,1,5.23,21,0,0,0,,14.2,65,15,9,8,2,7,0,1,14
688,Connor Seabold,TOR,1,1,5.21,31,0,0,5,,21.2,96,22,13,13,4,8,1,1,19
689,Anderson Severino,NYM,0,0,5.29,8,0,0,0,,5.2,26,6,4,3,1,4,0,0,5
690,Drew Pomeranz,LAA,1,1,5.02,33,0,0,5,,24.1,108,24,15,14,4,11,1,1,25
691,Nick Raquet,BAL,1,1,4.96,30,0,0,0,,20,89,21,12,11,3,9,1,1,16
692,Ron Marinaccio,SDP,1,1,4.72,40,0,0,8,,27,118,24,15,14,3,14,1,2,24
693,Jose Quintana,COL,2,4,6.36,8,8,0,0,,40.2,187,50,31,29,7,18,0,2,23
694,Hunter Bigge,TBR,1,1,4.73,38,0,1,8,,28.2,125,26,16,15,4,14,1,2,26
695,Michael Petersen,MIA,1,1,5.05,40,0,1,10,,28.2,128,27,17,16,4,16,1,2,29
696,Mason Black,KCR,1,1,5.13,34,0,0,5,,23.1,104,23,14,13,3,11,1,1,20
697,Paul Blackburn,NYY,1,1,5.24,35,0,0,7,,24.1,107,26,15,14,4,9,1,1,19
698,Jordan Leasure,CHW,1,1,4.69,37,0,0,6,,26.1,114,23,15,14,5,12,1,1,28
699,JT Brubaker,SFG,1,1,5.52,35,0,0,5,,23.1,106,26,15,14,3,10,1,1,18
700,Luis Morales,ATH,2,2,5.29,25,3,0,0,,36.2,162,36,23,22,6,17,1,2,32
701,Brandon Williamson,CIN,1,1,5.18,18,1,0,0,,21.2,96,22,13,12,3,10,1,1,17
702,Nick Mears,KCR,1,1,4.96,40,0,1,10,,27.2,121,27,16,15,4,12,1,1,23
703,Blas Castaño,COL,1,1,5.65,26,0,0,0,,19.1,88,22,13,12,3,9,1,1,15
704,Michael Kopech,,1,1,4.82,18,0,0,0,,20.2,93,17,12,11,3,14,1,1,21
705,Jonathan Hernández,LAD,1,1,5.02,29,0,0,3,,19,84,19,11,11,3,10,0,1,17
706,Chase Petty,CIN,1,1,5.52,17,2,0,0,,24,108,26,16,15,4,11,1,1,18
707,Joey Estes,ATH,1,1,5.42,17,1,0,0,,20.2,91,22,13,13,4,7,1,1,15
708,Carlos Carrasco,ATL,1,1,5.89,20,0,0,0,,13.1,60,16,9,9,2,5,0,1,10
709,Mark Leiter Jr.,ATH,1,1,5.37,42,0,5,7,,30,134,31,19,18,5,12,1,2,31
710,Cam Sanders,PIT,1,1,5.12,22,0,0,0,,15.2,71,14,9,9,2,11,1,1,17
711,Trevor Martin,TBR,1,1,5.21,29,0,0,0,,21.2,95,22,14,13,4,9,1,1,19
712,Eric Lauer,LAD,2,1,5.2,27,2,0,0,,33,145,34,21,19,6,13,1,1,28
713,Kyle Nicolas,CIN,0,1,5.57,16,0,0,0,,10.2,48,10,7,7,2,6,0,1,10
714,Antonio Senzatela,COL,2,2,5.65,45,1,8,6,,53,239,64,36,33,7,19,1,3,36
715,Emilio Pagán,CIN,1,1,4.95,32,0,11,4,,22.1,95,20,13,12,5,9,0,1,22
716,Taijuan Walker,LAA,1,2,5.46,17,4,0,0,,32.1,143,35,21,20,6,13,0,2,22
717,Jose Franco,CIN,1,1,5.26,24,0,0,0,,16.1,73,16,10,10,3,8,0,1,15
718,Luis Gil,NYY,2,2,5.19,21,4,0,0,,36,159,33,22,21,6,20,0,2,29
719,Tony Santillan,CIN,1,1,5.14,45,0,4,8,,31.2,140,31,19,18,5,15,1,2,31
720,Zach Agnos,COL,2,3,5.73,26,4,0,0,,42.2,190,49,29,27,7,15,1,2,30
721,Trevor Richards,CHW,1,1,5.11,30,0,0,2,,21.1,94,19,13,12,4,11,0,1,22
722,Connor Phillips,CIN,1,1,5.25,30,0,0,0,,20.2,94,19,13,12,3,13,1,1,21
723,Pierce Johnson,CIN,1,1,5.25,40,0,2,8,,28,124,28,17,16,5,13,1,1,27
724,Luis Medina,ATH,2,2,5.41,36,2,1,4,,45,204,46,29,27,6,25,1,3,40
725,Michael Kelly,ATH,1,1,5.95,20,0,0,0,,13.2,62,15,10,9,2,7,0,1,12
726,Tejay Antone,CIN,1,1,5.44,39,0,1,7,,27.1,123,29,18,16,4,13,1,2,25
727,Keegan Thompson,COL,1,1,5.88,34,0,0,4,,25.1,116,28,18,17,4,13,1,2,21
728,Tomoyuki Sugano,COL,4,8,6.47,18,18,0,0,,88.1,397,111,68,63,19,27,0,4,51
729,Jonathan Heasley,TBR,1,1,5.75,30,0,0,0,,22.2,100,24,15,14,5,9,1,1,16
730,Tyron Guerrero,BOS,1,1,5.77,35,0,0,5,,24.2,114,25,17,16,4,15,0,2,23