#,Name,Team,W,L,ERA,G,GS,IP,TBF,H,R,ER,HR,BB,HBP,SO
1,Cristopher Sánchez,PHI,9,6,2.93,21,21,131.1,535,116,48,43,11,34,4,134
2,Kevin Gausman,TOR,7,7,3.88,21,21,125.1,528,118,58,54,16,37,3,122
3,Gerrit Cole,NYY,8,7,3.96,20,20,125,527,116,59,55,18,37,5,123
4,Logan Webb,SFG,8,7,3.41,20,20,125,524,122,53,47,10,35,4,113
5,Paul Skenes,PIT,9,6,2.94,21,21,123,498,100,44,40,11,33,5,149
6,Framber Valdez,DET,7,7,3.56,20,20,122.1,517,117,54,48,10,43,6,110
7,Sandy Alcantara,MIA,6,8,4.27,20,20,122,524,126,63,58,14,38,6,98
8,Jesús Luzardo,PHI,8,6,3.4,21,21,122,506,105,50,46,14,40,4,135
9,Bryan Woo,SEA,7,7,3.62,20,20,120.1,496,109,52,48,16,29,5,119
10,George Kirby,SEA,7,7,3.51,20,20,118.2,490,111,51,46,14,25,5,111
11,Zac Gallen,ARI,7,7,4.29,20,20,117.2,510,120,61,56,14,40,4,106
12,José Soriano,LAA,7,7,3.58,20,20,117.1,502,108,52,47,9,53,5,116
13,Nathan Eovaldi,TEX,7,6,3.53,19,19,116.2,484,108,50,46,13,31,5,114
14,Mitch Keller,PIT,6,8,4.38,20,20,116.2,502,118,61,57,14,38,7,99
15,Gavin Williams,CLE,7,7,3.77,20,20,116.1,496,103,53,49,14,49,4,127
16,Carlos Rodón,NYY,7,7,3.96,20,20,116.1,498,102,55,51,16,47,5,125
17,Chris Sale,ATL,8,5,3.09,19,19,115.2,471,94,43,40,12,32,7,142
18,Freddy Peralta,NYM,7,7,3.81,20,20,115.2,491,99,53,49,15,47,5,127
19,Robbie Ray,SFG,6,8,4.36,20,20,115.1,502,107,60,56,16,51,4,115
20,Aaron Nola,PHI,7,7,3.94,20,20,115,485,110,55,50,16,32,4,112
21,Drew Rasmussen,TBR,7,7,3.67,21,21,114.2,479,109,51,47,12,30,4,109
22,Michael Wacha,KCR,6,7,4.39,19,19,114.2,491,116,60,56,16,36,4,95
23,Zack Wheeler,PHI,8,6,3.2,19,19,114.2,469,97,45,41,12,30,5,128
24,Ranger Suarez,BOS,7,7,3.72,19,19,114.1,484,112,52,47,12,36,4,103
25,Tanner Bibee,CLE,6,7,4.07,20,20,114.1,487,109,56,52,16,36,5,108
26,Shota Imanaga,CHC,7,6,3.91,19,19,114,474,108,53,50,18,27,3,107
27,Jacob Misiorowski,MIL,7,6,3.43,24,19,113.2,478,88,47,43,12,51,7,142
28,Seth Lugo,KCR,6,7,4.42,19,19,113.1,492,116,60,56,15,39,4,98
29,Nolan McLean,NYM,7,6,3.47,19,19,113,480,99,48,44,11,44,7,119
30,Michael McGreevy,STL,6,7,4.04,24,18,112.2,479,120,55,51,13,29,4,79
31,Nick Martinez,TBR,6,8,4.48,24,19,112.1,484,119,60,56,16,32,5,84
32,Luis Severino,ATH,6,7,4.43,19,19,112,484,112,59,55,15,42,6,97
33,Andrew Abbott,CIN,6,8,4.69,19,19,111.1,483,113,62,58,19,40,3,97
34,Michael King,SDP,7,6,3.74,19,19,111.1,473,98,50,46,13,44,5,117
35,Sonny Gray,BOS,7,6,3.74,19,19,110.1,464,105,50,46,12,31,4,112
36,Bailey Ober,MIN,6,7,4.39,19,19,110.1,470,110,57,54,18,29,4,96
37,Jacob deGrom,TEX,7,6,3.41,19,19,110.1,449,93,45,42,14,26,3,129
38,Kyle Bradish,BAL,7,6,3.77,19,19,110,466,100,50,46,12,41,5,116
39,Jameson Taillon,CHC,6,7,4.59,19,19,109.1,467,114,60,56,18,30,3,87
40,Logan Gilbert,SEA,7,6,3.46,19,19,109.1,447,95,45,42,14,27,4,117
41,Braxton Ashcraft,PIT,6,6,3.86,23,18,109,461,105,51,47,12,35,5,100
42,Joe Ryan,MIN,7,6,3.65,19,19,108.1,447,95,47,44,14,27,6,120
43,Foster Griffin,WSN,6,7,3.92,18,18,108.1,460,107,51,47,13,32,5,96
44,Tomoyuki Sugano,COL,5,9,5.57,19,19,108,479,135,71,67,19,28,5,66
45,Merrill Kelly,ARI,6,7,4.32,18,18,108,467,110,56,52,14,37,3,93
46,Jeffrey Springs,ATH,6,7,4.63,19,19,108,467,110,59,55,17,36,4,93
47,Shane Baz,BAL,6,7,4.35,19,19,108,465,104,56,52,15,43,5,103
48,Dylan Cease,TOR,7,6,3.33,19,19,107.1,450,86,43,40,11,42,4,133
49,Davis Martin,CHW,6,7,4.06,18,18,107.1,458,105,52,48,14,36,5,94
50,Chris Bassitt,BAL,6,7,4.44,19,19,106.1,463,108,57,52,14,39,7,90
51,Randy Vásquez,SDP,5,8,4.82,19,19,106.1,467,112,61,57,16,40,6,76
52,Brady Singer,CIN,6,7,4.57,19,19,106.1,462,110,58,54,16,35,6,94
53,Casey Mize,DET,6,6,3.84,19,19,106,446,100,49,45,13,31,4,99
54,Shane McClanahan,TBR,7,6,3.47,19,19,106,439,92,44,41,12,36,3,116
55,Trey Yesavage,TOR,6,6,3.82,22,18,105.2,450,91,49,45,13,44,4,115
56,Reid Detmers,LAA,6,6,3.78,25,17,105.2,443,92,48,44,13,40,5,115
57,Hunter Brown,HOU,7,6,3.5,18,18,105.1,440,91,45,41,11,38,4,118
58,Dustin May,STL,6,7,4.17,26,17,105,454,102,53,49,13,39,6,95
59,Lucas Giolito,SDP,5,7,4.74,18,18,104,456,103,58,55,16,45,4,90
60,Parker Messick,CLE,6,6,3.73,18,18,103.2,440,96,47,43,12,36,5,101
61,Bryce Elder,ATL,6,6,4.36,18,18,103,448,108,54,50,12,36,4,86
62,Nick Lodolo,CIN,6,6,4.09,18,18,103,439,98,50,47,14,32,9,104
63,Max Meyer,MIA,6,6,3.88,18,18,103,436,96,48,44,12,36,4,102
64,Noah Cameron,KCR,6,7,4.21,18,18,103,442,103,52,48,13,36,4,87
65,Spencer Strider,ATL,7,6,3.75,18,18,103,434,86,46,43,13,42,5,123
66,Stephen Kolek,KCR,5,6,4.35,31,15,102.2,447,113,54,50,11,32,5,72
67,Andre Pallante,STL,6,7,4.22,18,18,102.2,447,108,53,48,10,42,4,74
68,Matthew Liberatore,STL,6,7,4.28,18,18,102.2,443,103,53,49,13,37,4,87
69,Yoshinobu Yamamoto,LAD,7,5,3.43,17,17,102.2,425,92,43,39,11,32,4,106
70,Spencer Arrighetti,HOU,5,7,4.57,23,17,102.2,449,94,56,52,14,49,7,102
71,Eduardo Rodriguez,ARI,6,6,4.32,22,17,102,441,103,53,49,13,38,3,88
72,Michael Lorenzen,COL,5,8,5.23,26,17,101,450,114,63,59,16,38,4,80
73,Steven Matz,TBR,6,7,4.17,24,17,100.1,427,99,50,47,13,32,4,85
74,Emerson Hancock,SEA,6,6,4.12,38,14,100,430,98,50,46,13,32,5,86
75,Jack Leiter,TEX,6,7,4.29,18,18,99.2,432,92,51,48,13,44,5,98
76,Cade Cavalli,WSN,6,6,3.87,18,18,99.1,426,95,47,43,10,35,7,92
77,Sean Burke,CHW,5,7,4.66,18,18,99.1,434,96,55,51,15,43,5,89
78,Will Warren,NYY,6,6,3.93,25,17,99.1,425,93,47,43,13,36,4,99
79,Bryce Miller,SEA,6,6,4.07,27,16,98.2,420,95,48,45,14,31,3,89
80,Kyle Leahy,STL,5,6,4.36,31,15,98.1,429,101,52,48,12,39,4,78
81,Garrett Crochet,BOS,7,5,3.1,17,17,98.1,399,81,37,34,10,28,4,120
82,Andrew Painter,PHI,5,7,4.67,22,17,98.1,426,101,55,51,15,37,4,76
83,Kyle Freeland,COL,5,7,5.15,18,18,98,433,114,60,56,16,28,4,74
84,Jack Kochanowicz,LAA,5,7,4.67,26,16,97.2,435,107,55,51,11,41,7,64
85,Trevor Rogers,BAL,6,6,4.24,18,18,97.2,421,98,50,46,12,36,4,82
86,Kyle Harrison,MIL,6,6,4.07,17,17,97.1,416,88,47,44,13,39,5,102
87,Slade Cecconi,CLE,5,7,4.49,18,18,97.1,419,101,52,49,15,28,4,82
88,Luis Castillo,SEA,6,6,3.74,30,15,97.1,409,89,44,40,12,29,4,95
89,Ryne Nelson,ARI,6,6,4.4,17,17,96.1,414,99,50,47,13,30,3,80
90,Jared Jones,PIT,6,6,3.84,22,16,95.2,405,87,44,41,11,35,4,100
91,Jack Flaherty,DET,6,6,3.93,18,18,95.1,411,85,45,42,12,38,5,105
92,Chase Burns,CIN,6,5,3.57,21,16,95,392,81,41,38,12,31,3,110
93,Matthew Boyd,CHC,6,5,3.72,17,17,95,398,87,42,39,12,30,4,89
94,Kumar Rocker,TEX,6,6,4.2,24,17,95,407,94,48,44,11,35,4,81
95,Zack Littell,WSN,5,7,4.82,17,17,94.2,408,104,54,51,16,23,4,66
96,Michael Soroka,ARI,6,6,4.14,23,16,94.2,406,91,47,44,11,33,6,92
97,Tarik Skubal,DET,7,4,2.76,16,16,94.2,378,76,32,29,9,21,3,113
98,Taj Bradley,MIN,5,6,4.11,17,17,94.1,403,88,46,43,12,36,3,95
99,Janson Junk,MIA,5,6,4.45,22,16,94.1,403,102,50,47,13,23,3,66
100,Brayan Bello,BOS,5,6,4.52,17,17,94,412,100,51,47,11,36,5,75
101,Shane Bieber,TOR,6,5,3.73,24,15,93.2,393,91,42,39,11,23,3,87
102,Landen Roupp,SFG,6,6,3.84,17,17,93,401,87,43,40,9,40,4,91
103,Bubba Chandler,PIT,5,6,4.43,25,16,93,407,88,49,46,12,44,5,87
104,Tyler Mahle,SFG,5,6,4.09,17,17,92.2,395,90,45,42,11,33,3,81
105,Brandon Sproat,MIL,5,6,4.3,22,15,91,396,88,47,44,11,41,5,80
106,MacKenzie Gore,TEX,6,6,3.71,17,17,91,384,77,40,38,11,37,4,103
107,Eury Pérez,MIA,5,6,4.07,17,17,90.2,385,78,44,41,12,36,4,102
108,Cam Schlittler,NYY,6,5,3.62,16,16,90.2,381,80,40,37,10,32,4,93
109,Edward Cabrera,CHC,6,6,4.1,17,17,90.2,388,83,45,41,11,39,5,92
110,Kris Bubic,KCR,5,5,3.9,20,15,90,383,84,42,39,10,36,3,88
111,Anthony Kay,CHW,5,6,4.31,16,16,89.2,391,92,47,43,11,36,5,68
112,David Peterson,NYM,6,5,3.59,21,15,89.1,385,85,40,36,8,37,4,81
113,Griffin Canning,SDP,5,6,4.3,20,16,89.1,388,87,46,43,12,38,3,80
114,Shohei Ohtani,LAD,7,4,3.34,16,16,88.2,365,73,36,33,10,30,4,103
115,J.T. Ginn,ATH,5,5,4.18,24,15,88.1,383,87,45,41,10,35,5,80
116,Emmet Sheehan,LAD,6,5,3.78,21,15,88.1,370,76,40,37,12,31,4,99
117,Adrian Houser,SFG,5,6,4.45,20,15,88.1,387,95,47,44,9,33,4,60
118,Logan Henderson,MIL,5,5,3.99,24,14,86.2,364,77,41,38,13,28,3,92
119,Mike Burrows,HOU,5,6,4.42,16,16,86.2,373,85,46,42,13,31,4,81
120,Joey Cantillo,CLE,5,6,4.09,24,15,86.1,373,79,42,39,11,41,3,86
121,Andrew Alvarez,WSN,5,5,3.91,38,11,86,369,85,41,37,8,34,4,69
122,Connor Prielipp,MIN,5,5,3.99,29,13,85.2,369,81,41,38,10,35,4,83
123,Connelly Early,BOS,5,5,3.94,21,14,84.1,363,79,40,37,9,33,5,83
124,Grant Holmes,ATL,5,5,4.16,27,13,83.1,360,79,42,39,10,34,3,82
125,Ryan Feltner,COL,4,6,5.16,20,15,83.1,369,91,51,48,12,34,3,68
126,Sean Manaea,NYM,5,5,3.9,31,12,82.2,351,74,39,36,11,30,5,85
127,Roki Sasaki,LAD,5,5,4.29,22,14,82.1,355,79,42,39,11,32,5,77
128,Colin Rea,CHC,5,5,4.56,21,14,82.1,357,86,45,42,12,27,4,65
129,Grayson Rodriguez,LAA,5,5,3.85,15,15,82.1,348,75,38,35,10,31,3,85
130,Max Fried,NYY,6,4,3.3,14,14,82,343,76,33,30,8,26,3,76
131,Justin Wrobleski,LAD,5,5,4.49,25,12,81.1,352,83,44,41,12,30,3,63
132,Zebby Matthews,MIN,5,5,4.01,20,14,81.1,341,80,39,36,11,21,3,73
133,Dean Kremer,BAL,5,5,4.36,18,14,80.1,345,81,42,39,12,26,3,71
134,Brandon Pfaadt,ARI,5,5,4.23,27,12,80.1,342,83,41,38,10,21,4,70
135,Ryan Weathers,NYY,5,4,3.56,27,12,80.1,338,71,35,32,10,27,3,85
136,Aaron Civale,ATH,4,6,4.91,15,15,80.1,352,85,47,44,14,27,4,65
137,Cole Ragans,KCR,5,5,3.45,15,15,79.1,333,64,33,30,9,33,3,98
138,Jacob Lopez,ATH,4,5,4.69,24,13,79.1,348,76,44,41,12,37,4,74
139,Patrick Corbin,TOR,4,5,4.43,19,14,78.2,339,82,42,39,11,25,3,63
140,Hunter Dobbins,STL,4,5,4.3,35,10,78.1,340,82,41,37,10,27,4,56
141,Brandon Woodruff,MIL,5,5,4,14,14,78.1,328,72,37,35,12,23,3,80
142,Tanner Gordon,COL,4,6,5.22,27,12,78,340,90,48,45,14,20,3,58
143,Gage Jump,ATH,5,5,4.31,14,14,78,339,77,40,37,10,32,4,70
144,Griffin Jax,TBR,5,5,3.67,25,13,78,330,69,35,32,8,30,3,84
145,Tyler Glasnow,LAD,6,4,3.47,14,14,77.1,321,63,32,30,8,30,2,92
146,Tatsuya Imai,HOU,4,5,4.34,15,15,77,336,74,40,37,9,35,4,73
147,Walbert Ureña,LAA,4,5,4.71,23,12,76,341,78,43,40,8,43,4,56
148,Noah Schultz,CHW,4,5,4.43,14,14,75,331,73,40,37,10,36,5,64
149,Justin Verlander,DET,4,5,4.36,14,14,75,323,74,39,36,11,25,3,62
150,Max Scherzer,TOR,4,5,4.47,20,13,73.1,313,71,39,36,12,22,3,69
151,Ben Brown,CHC,4,4,3.61,36,8,73,306,65,32,29,8,26,3,78
152,Chase Dollander,COL,4,6,5.2,19,13,73,326,77,45,42,11,34,4,64
153,Hunter Greene,CIN,4,4,3.94,13,13,72.2,306,61,34,32,11,27,4,87
154,Miles Mikolas,WSN,4,5,4.74,14,14,72.1,312,81,41,38,11,18,2,48
155,Walker Buehler,SDP,4,5,4.62,18,13,72,318,74,40,37,10,30,4,60
156,Rhett Lowder,CIN,4,5,4.76,20,12,71.2,314,76,41,38,10,28,3,55
157,Simeon Woods Richardson,MIN,4,5,4.66,30,9,69,302,70,38,36,10,28,2,59
158,Chad Patrick,MIL,4,4,4.21,36,8,69,294,65,34,32,10,23,3,64
159,Reynaldo López,ATL,4,4,3.93,41,6,68.1,290,63,32,30,8,25,2,71
160,Christian Scott,NYM,4,4,3.89,13,13,68,286,61,32,29,9,22,4,67
161,Tyler Phillips,MIA,3,4,4.53,35,7,67.1,296,72,37,34,8,27,3,48
162,Logan Allen,CLE,4,4,4.21,25,9,67,292,67,34,31,9,26,2,58
163,Payton Tolle,BOS,4,4,3.86,16,11,65.2,275,59,30,28,9,22,2,68
164,Jake Irvin,WSN,3,4,4.44,18,11,64.2,277,65,34,32,9,22,3,54
165,Blake Snell,LAD,5,3,3.52,12,12,64.1,273,52,27,25,7,30,2,78
166,Peter Lambert,HOU,3,4,4.53,21,9,64,281,64,35,32,9,27,3,56
167,Braxton Garrett,MIA,4,4,3.92,18,11,64,273,62,30,28,7,21,4,56
168,David Sandlin,CHW,3,4,4.71,17,10,62.1,272,63,35,33,10,25,2,51
169,Kodai Senga,NYM,4,4,4.04,12,12,62.1,270,56,30,28,7,29,2,63
170,Kai-Wei Teng,HOU,3,4,4.16,36,6,62,269,56,31,29,8,29,5,62
171,Quinn Priester,MIL,3,4,4.31,11,11,60.2,265,62,32,29,7,25,3,48
172,Carmen Mlodzinski,PIT,3,3,3.96,39,5,60.1,259,59,29,27,6,22,2,54
173,Keider Montero,DET,3,4,4.54,18,9,60.1,263,61,33,30,9,22,3,49
174,Brandon Young,BAL,3,4,4.55,17,9,59,256,61,32,30,9,20,2,49
175,Tyler Alexander,TEX,3,3,4.42,44,3,57.1,247,59,30,28,9,18,2,45
176,Grant Taylor,CHW,3,3,3.06,53,1,56.2,234,45,21,19,5,22,2,70
177,Yusei Kikuchi,LAA,3,4,4.03,11,11,56.2,239,52,27,25,8,22,2,58
178,Ian Seymour,TBR,3,3,3.65,45,2,55,231,49,24,22,7,17,3,57
179,Brad Lord,WSN,3,3,3.84,46,2,54.2,233,54,26,23,6,17,3,47
180,Cristian Javier,HOU,3,4,5.05,10,10,54.1,240,53,32,31,10,25,2,48
181,Drew Anderson,DET,3,3,3.45,44,2,53.1,225,46,22,20,5,20,2,60
182,Riley Cornelio,WSN,3,4,4.81,18,7,53,235,53,30,28,7,26,2,43
183,JR Ritchie,ATL,3,4,4.58,9,9,52.2,233,54,29,27,6,24,3,43
184,Troy Melton,DET,3,3,3.98,28,5,52.1,223,50,25,23,7,17,2,46
185,Mick Abel,MIN,3,4,4.49,14,8,51.1,225,50,27,26,6,25,2,46
186,Trevor McDonald,SFG,3,3,4.04,16,7,51.1,222,52,25,23,5,20,4,39
187,Shane Drohan,MIL,3,3,3.84,41,2,51,218,46,24,22,6,21,2,52
188,Aaron Ashby,MIL,3,2,3.41,46,1,51,219,44,21,19,4,25,2,57
189,Martín Pérez,ATL,3,3,4.28,18,7,50.2,222,52,26,24,6,19,2,43
190,Antonio Senzatela,COL,2,3,4.99,45,1,49.2,219,58,29,28,7,16,2,35
191,Joe Boyle,TBR,3,3,3.85,21,7,49.2,214,41,23,21,5,27,3,56
192,Brycen Mautz,STL,3,3,4.27,24,5,49.1,216,49,25,23,6,20,3,40
193,Jacob Latz,TEX,2,2,3.8,44,1,49,210,43,22,21,6,23,2,50
194,Joe Musgrove,SDP,3,3,3.87,9,9,48,203,46,22,21,6,13,3,45
195,Keaton Winn,SFG,2,2,3.66,43,1,47.2,202,45,21,19,5,16,2,44
196,Hurston Waldrep,ATL,3,3,4.26,8,8,47.1,207,46,24,22,5,23,2,42
197,Lance McCullers Jr.,HOU,3,3,4.16,17,7,47.1,206,43,24,22,6,23,2,48
198,Abner Uribe,MIL,3,2,3.25,47,0,47,200,38,19,17,4,23,2,56
199,Hunter Barco,PIT,2,3,4.23,22,5,46.2,205,45,24,22,5,21,3,41
200,Spencer Miles,TOR,2,2,3.84,37,2,46.2,200,44,22,20,5,17,2,45
201,Tyler Rogers,TOR,2,2,3.99,47,0,46.2,201,50,23,21,5,12,2,32
202,Ryan Gusto,MIA,2,3,4.43,18,6,46,198,46,24,23,6,17,2,38
203,Erick Fedde,CHW,2,4,5.11,8,8,46,204,50,28,26,7,19,2,33
204,Luis Medina,ATH,2,2,4.3,36,2,45.1,198,43,23,22,6,21,2,43
205,Mitchell Parker,WSN,2,3,4.15,36,2,45.1,193,45,22,21,6,14,2,38
206,Cade Smith,CLE,3,2,2.8,45,0,45,182,34,15,14,4,14,2,58
207,Mason Miller,SDP,3,2,2.12,45,0,45,178,26,12,11,3,18,2,74
208,Tony Santillan,CIN,2,2,4.45,45,0,45,197,41,24,22,7,22,2,47
209,Jhoan Duran,PHI,3,2,2.67,44,0,44.1,181,34,15,13,3,16,2,56
210,Bryan Baker,TBR,2,2,3.54,44,0,44.1,187,37,19,17,5,18,1,51
211,Adrian Morejon,SDP,2,2,3.13,44,0,44.1,183,38,17,15,4,15,1,47
212,Shane Smith,CHW,3,3,4.37,8,8,44.1,192,42,23,21,6,19,3,41
213,Luinder Avila,KCR,2,2,4.33,34,2,44,192,43,23,21,5,20,2,38
214,Luke Weaver,NYM,2,2,3.6,44,0,44,185,38,19,18,6,15,2,47
215,Brad Keller,PHI,2,2,3.85,44,0,44,188,41,20,19,5,18,2,41
216,Jonathan Cannon,CHW,2,3,4.8,16,6,44,193,46,25,23,7,17,2,33
217,Garrett Cleavinger,TBR,2,2,3.29,44,0,43.2,184,34,17,16,4,19,3,56
218,Louis Varland,TOR,2,2,3.16,43,0,43.1,178,38,17,15,4,12,2,47
219,Robert Suarez,ATL,2,2,3.42,43,0,43.1,180,38,18,17,5,14,2,47
220,Riley O'Brien,STL,2,2,3.34,43,0,43.1,184,38,18,16,3,18,3,45
221,David Bednar,NYY,2,2,3.25,43,0,43.1,180,35,17,16,5,16,2,51
222,Bryan Hudson,CHW,2,2,3.74,43,0,43.1,185,39,20,18,5,19,2,42
223,Hogan Harris,ATH,2,2,4.2,43,0,43.1,188,40,22,20,5,22,2,42
224,Graham Ashcraft,CIN,2,2,3.96,43,0,43,183,42,21,19,5,15,2,40
225,Gregory Soto,PIT,2,2,3.48,43,0,42.2,182,36,18,17,4,19,3,48
226,Raisel Iglesias,ATL,2,2,3.51,43,0,42.2,178,38,18,17,5,13,2,47
227,José A. Ferrer,SEA,2,2,3.16,43,0,42.2,178,39,17,15,4,13,2,40
228,Rico Garcia,BAL,2,2,3.95,43,0,42.2,183,38,20,19,6,19,2,46
229,JoJo Romero,STL,2,2,3.63,43,0,42.2,184,40,19,17,4,18,2,40
230,Didier Fuentes,ATL,2,2,3.82,38,1,42.2,180,38,19,18,5,15,2,45
231,Kyle Hurt,LAD,2,2,3.51,43,0,42.2,180,36,18,17,5,18,2,48
232,Lucas Erceg,KCR,2,2,3.67,43,0,42.2,182,39,19,17,4,18,2,42
233,Tim Hill,NYY,2,2,3.94,43,0,42.2,185,46,21,19,4,14,2,25
234,Bryan King,HOU,2,2,3.76,42,0,42.1,180,39,19,18,5,15,2,41
235,Hunter Gaddis,CLE,2,2,4.09,42,0,42.1,182,40,21,19,6,15,2,41
236,Mason Englert,TBR,2,3,4.3,27,3,42.1,182,42,22,20,6,14,2,36
237,Jason Adam,SDP,2,2,3.88,42,0,42.1,181,38,20,18,5,17,3,43
238,Daniel Palencia,CHC,2,2,3.65,42,0,42,179,36,18,17,5,18,2,47
239,Mason Montgomery,PIT,2,2,3.68,42,0,42,179,37,19,17,5,18,2,45
240,Tobias Myers,NYM,2,2,3.86,38,1,42,178,40,19,18,6,12,2,38
241,Cooper Criswell,SEA,2,2,3.75,37,1,42,179,41,19,18,4,12,2,35
242,Tanner Scott,LAD,2,2,3.32,42,0,42,175,34,17,15,4,17,2,50
243,Devin Williams,NYM,2,2,3.1,42,0,42,175,31,16,14,4,21,2,55
244,Fernando Cruz,NYY,2,2,3.38,42,0,42,177,31,17,16,5,21,2,55
245,Mark Leiter Jr.,ATH,2,2,3.98,42,0,42,180,39,20,19,5,17,2,43
246,Sean Newcomb,CHW,2,2,3.63,42,0,42,178,38,18,17,4,17,2,41
247,Daniel Lynch IV,KCR,2,2,4.03,42,0,42,179,42,20,19,5,14,2,36
248,Trevor Megill,MIL,2,2,3.45,42,0,41.2,173,34,17,16,5,16,2,51
249,Justin Slaten,BOS,2,2,3.77,42,0,41.2,176,38,19,17,5,15,2,42
250,Paul Sewald,ARI,2,2,4.25,42,0,41.2,178,38,21,20,6,15,2,43
251,Taylor Clarke,ARI,2,2,4.14,42,0,41.2,179,44,21,19,5,12,2,33
252,Andrés Muñoz,SEA,2,2,2.88,41,0,41.1,172,31,15,13,3,18,2,54
253,Dylan Lee,ATL,2,2,3.37,41,0,41.1,171,36,17,16,5,12,1,47
254,Sam Bachman,LAA,2,2,4.07,41,0,41.1,181,39,20,19,4,20,2,38
255,Gus Varland,WSN,2,2,4.25,41,0,41.1,180,40,21,20,5,17,2,37
256,Alex Vesia,LAD,2,2,3.59,41,0,41.1,174,32,18,16,5,19,2,52
257,Seranthony Domínguez,CHW,2,2,3.79,41,0,41.1,176,34,19,17,5,20,2,47
258,Jakob Junis,TEX,2,2,4.03,41,0,41.1,175,41,20,18,5,12,2,35
259,Scott Barlow,ATH,2,2,4.35,41,0,41.1,183,38,21,20,5,22,3,42
260,Caleb Kilian,SFG,2,2,4.02,41,0,41.1,178,40,20,18,4,15,2,35
261,Bryan Abreu,HOU,2,2,3.38,41,0,41,174,31,17,15,4,20,2,53
262,Kevin Kelly,TBR,2,2,3.81,41,0,41,174,41,19,17,4,11,2,35
263,DL Hall,MIL,2,2,3.86,41,0,41,178,36,19,18,5,21,2,42
264,Aroldis Chapman,BOS,2,2,2.98,41,0,41,171,30,15,14,4,20,1,57
265,Jeremiah Estrada,SDP,2,2,3.29,41,0,41,171,31,16,15,5,18,1,53
266,Kevin Ginkel,ARI,2,2,3.65,41,0,41,173,37,18,17,4,15,2,43
267,Brock Burke,CIN,2,2,4.14,41,0,41,176,39,20,19,6,17,2,39
268,Taylor Rogers,MIN,2,2,4.03,41,0,40.2,177,38,20,18,5,18,2,41
269,Anthony Bender,MIA,2,2,3.89,41,0,40.2,176,38,19,18,4,18,2,40
270,Juan Mejia,COL,2,2,4.6,41,0,40.2,181,40,22,21,5,20,3,41
271,Clayton Beeter,WSN,2,2,3.85,41,0,40.2,177,35,19,17,4,22,2,45
272,Kyle Finnegan,DET,2,2,4.02,41,0,40.2,176,38,20,18,4,18,1,38
273,Dennis Santana,PIT,2,2,4.29,41,0,40.2,178,40,21,19,5,17,2,37
274,Jacob Webb,CHC,2,2,4.04,41,0,40.2,175,37,20,18,5,17,2,40
275,Ryan Zeferjahn,LAA,2,2,4.2,41,0,40.2,179,35,20,19,5,22,3,45
276,Dax Fulton,MIA,2,3,4.33,21,4,40.2,181,40,21,20,4,21,2,33
277,Ryne Stanek,STL,2,2,3.97,41,0,40.2,176,35,19,18,5,21,1,43
278,José Alvarado,PHI,2,2,3.24,41,0,40.2,170,33,16,15,4,17,2,48
279,Camilo Doval,NYY,2,2,3.51,41,0,40.2,173,34,17,16,4,19,2,45
280,Erik Miller,SFG,2,2,3.42,41,0,40.2,175,32,17,15,3,24,2,48
281,Brooks Raley,NYM,2,2,3.74,41,0,40.2,174,36,18,17,5,17,3,41
282,Tyler Davis,CHW,2,2,4.57,41,0,40.2,180,39,22,21,6,21,2,36
283,Clay Holmes,NYM,2,2,3.72,12,6,40.2,175,39,19,17,4,17,2,36
284,Shawn Armstrong,CLE,2,2,3.83,40,0,40.1,172,36,19,17,5,14,2,42
285,Enyel De Los Santos,HOU,2,2,4.16,40,0,40.1,173,37,20,19,6,15,2,40
286,Jonathan Loáisiga,ARI,2,2,3.87,40,0,40.1,172,40,19,17,4,14,2,34
287,Pierce Johnson,CIN,2,2,4.2,40,0,40.1,174,37,20,19,6,17,1,44
288,Greg Weissert,BOS,2,2,4.26,40,0,40.1,174,40,21,19,5,15,2,36
289,Jeff Hoffman,TOR,2,2,3.19,40,0,40.1,167,31,15,14,4,15,2,51
290,Matt Brash,SEA,2,2,3.09,40,0,40.1,168,32,15,14,3,17,2,47
291,Tyler Holton,DET,2,2,3.65,40,0,40.1,170,39,18,16,4,12,1,35
292,Tyler Kinley,ATL,2,2,4.02,40,0,40.1,173,35,19,18,5,18,2,44
293,Jaden Hill,COL,2,2,4.54,40,0,40.1,177,41,22,20,5,17,2,39
294,Anthony Nunez,BAL,2,2,3.95,40,0,40.1,174,36,19,18,5,18,2,43
295,Eduard Bazardo,SEA,2,2,3.78,40,0,40.1,171,36,18,17,5,15,2,41
296,Phil Maton,CHC,2,2,3.86,40,0,40.1,173,36,19,17,4,17,3,42
297,Michael Petersen,MIA,2,2,4.26,40,0,40.1,174,38,20,19,5,17,2,38
298,Luis Gil,NYY,2,2,4.44,21,4,40,176,36,21,20,6,20,2,39
299,George Soriano,STL,2,2,4.19,40,0,40,175,38,20,19,5,18,2,35
300,Joel Kuhnel,ATH,2,2,4.09,40,0,40,172,43,20,18,4,12,2,28
301,Tim Mayza,PHI,2,2,3.8,40,0,40,171,39,18,17,4,15,2,35
302,Brent Headrick,NYY,2,2,3.8,40,0,40,170,36,18,17,5,14,2,41
303,Nick Mears,KCR,2,2,4.25,40,0,40,173,38,20,19,5,17,1,39
304,Huascar Brazobán,NYM,2,2,3.85,40,0,40,172,36,19,17,4,19,2,38
305,Joel Peguero,SFG,2,2,4.45,40,0,40,176,41,21,20,4,18,2,30
306,Zach Agnos,COL,2,3,5.72,25,3,40,181,46,27,25,7,17,2,29
307,Nate Pearson,HOU,2,2,4.36,40,0,39.2,174,36,21,19,5,20,2,40
308,Grant Anderson,MIL,2,2,4.16,40,0,39.2,171,37,20,18,5,17,2,39
309,Danny Coulombe,BOS,2,2,4.08,40,0,39.2,172,38,19,18,5,16,2,37
310,Juan Morillo,ARI,2,2,4.04,40,0,39.2,173,37,19,18,4,20,2,37
311,Ron Marinaccio,SDP,2,2,4.29,40,0,39.2,173,37,20,19,5,18,2,36
312,Luis Morales,ATH,2,2,4.73,25,3,39.2,174,39,22,21,6,18,2,34
313,Pete Fairbanks,MIA,2,2,3.51,40,0,39.2,166,33,17,15,4,16,2,44
314,Will Vest,DET,2,2,3.22,40,0,39.2,165,35,16,14,3,13,1,41
315,Andrew Kittredge,BAL,2,2,3.82,40,0,39.2,166,38,18,17,5,12,1,39
316,Caleb Thielbar,CHC,2,2,3.71,40,0,39.2,167,34,18,16,5,16,1,42
317,Yoendrys Gómez,MIN,2,2,4.23,40,0,39.2,172,36,20,19,5,17,2,40
318,Brennan Bernardino,COL,2,2,4.49,40,0,39.2,175,41,21,20,5,17,2,35
319,Yohan Ramírez,PIT,2,2,3.98,40,0,39.2,173,37,19,17,4,18,4,40
320,Cole Henry,WSN,2,2,4.71,40,0,39.2,177,37,22,21,6,21,3,37
321,Jalen Beeks,TEX,2,2,3.88,39,0,39.1,169,37,18,17,4,16,2,36
322,Will Klein,LAD,2,2,3.85,39,0,39.1,170,34,18,17,4,21,2,43
323,John Schreiber,KCR,2,2,4.3,39,0,39.1,171,39,20,19,5,16,2,34
324,Ryan Thompson,ARI,2,2,4.14,39,0,39,169,40,20,18,4,14,2,31
325,Tejay Antone,CIN,2,2,4.29,39,0,39,170,38,20,19,5,17,2,35
326,Gabe Speier,SEA,2,2,3.3,39,0,39,161,33,16,14,4,13,2,43
327,Andrew Nardi,MIA,2,2,3.59,39,0,39,165,32,17,16,4,18,2,46
328,Kirby Yates,LAA,2,2,3.84,39,0,39,166,32,18,17,5,19,2,46
329,Tyler Wells,BAL,2,2,4,39,0,39,163,37,18,17,6,10,1,38
330,Braydon Fisher,TOR,2,2,3.81,39,0,39,168,34,18,16,4,18,2,43
331,Dylan Dodd,ATL,2,2,3.64,39,0,39,163,38,17,16,5,10,1,36
332,Chase Silseth,LAA,2,2,4.07,39,0,39,168,36,19,18,4,18,2,38
333,Justin Bruihl,STL,2,2,4.08,39,0,38.2,170,39,19,18,4,17,3,31
334,Chris Martin,TEX,2,2,3.52,39,0,38.2,160,37,16,15,4,9,2,37
335,Orion Kerkering,PHI,2,2,3.51,39,0,38.2,162,33,16,15,4,15,2,42
336,Justin Sterner,ATH,2,2,4.25,39,0,38.2,166,36,19,18,5,15,2,38
337,Colin Holderman,CLE,2,2,3.74,39,0,38.2,165,35,17,16,4,16,2,39
338,Garrett Whitlock,BOS,2,2,3.37,38,0,38.1,159,33,16,14,4,12,2,43
339,Yennier Cano,BAL,2,2,3.68,38,0,38.1,163,36,17,16,4,15,2,36
340,Andrew Morris,MIN,2,2,3.94,38,0,38.1,162,38,18,17,4,11,1,33
341,Brent Suter,LAA,2,2,4.06,38,0,38.1,165,39,19,17,5,13,2,31
342,Richard Lovelady,WSN,2,2,3.98,38,0,38.1,166,37,18,17,4,16,2,33
343,A.J. Minter,NYM,2,2,3.36,38,0,38,159,32,15,14,4,14,2,42
344,Matt Gage,SFG,2,2,3.93,38,0,38,165,37,18,17,4,16,1,33
345,Wilber Dotel,PIT,2,2,4.6,28,2,38,166,38,21,19,5,16,2,31
346,Hunter Bigge,TBR,2,2,4.34,38,0,37.2,165,35,19,18,5,18,2,37
347,Jovani Morán,BOS,2,2,3.68,38,0,37.2,161,33,17,15,4,17,1,42
348,Evan Sisk,PIT,2,2,3.66,38,0,37.2,162,34,17,15,3,17,2,37
349,Eric Orze,MIN,2,2,4.14,38,0,37.2,164,35,19,17,4,18,2,36
350,Calvin Faucher,MIA,2,2,4.02,38,0,37.2,165,35,18,17,4,19,2,38
351,Hoby Milner,CHC,2,2,3.94,38,0,37.2,162,38,18,16,4,13,2,29
352,José Fermin,LAA,2,2,4.26,38,0,37.2,165,33,19,18,5,21,2,40
353,Alex Lange,KCR,2,2,4.13,37,0,37.1,165,34,19,17,4,20,2,39
354,Tim Herrin,CLE,2,2,3.94,37,0,37.1,163,33,18,16,4,19,2,39
355,Cal Quantrill,TEX,2,2,4.37,28,2,37.1,160,38,19,18,5,12,2,31
356,Bradgley Rodriguez,SDP,2,2,3.93,37,0,37,160,34,18,16,4,17,2,34
357,Mason Fluharty,TOR,2,2,3.73,37,0,37,159,32,17,15,4,16,2,39
358,Sam Aldegheri,LAA,2,2,4.88,23,3,37,164,38,21,20,5,17,2,27
359,Sam Hentges,SFG,2,2,3.47,37,0,36.2,156,32,16,14,3,16,1,38
360,Blake Treinen,LAD,2,2,3.81,37,0,36.2,156,32,17,16,4,15,2,39
361,Jordan Leasure,CHW,2,2,4.06,37,0,36.2,158,31,18,17,5,18,1,40
362,Craig Kimbrel,TBR,2,2,4,36,0,36.1,157,30,17,16,4,18,2,42
363,Sam Moll,CIN,2,2,3.97,36,0,36.1,158,33,17,16,4,17,2,36
364,Wandy Peralta,SDP,2,2,3.75,36,0,36.1,158,35,17,15,3,17,2,32
365,Cole Sands,MIN,2,2,3.87,36,0,36.1,154,34,17,16,4,12,2,36
366,Keegan Akin,BAL,2,2,3.9,36,0,36.1,155,33,17,16,5,14,1,37
367,Brenan Hanifee,DET,2,2,3.86,36,0,36.1,155,38,17,16,3,11,1,27
368,Justin Lawrence,PIT,2,2,4.02,36,0,36.1,159,34,18,16,4,18,2,36
369,John King,MIA,2,2,3.94,36,0,36.1,157,38,17,16,3,13,1,26
370,Anthony Banda,MIN,2,2,4.04,36,0,36.1,158,34,18,16,4,17,2,35
371,Seth Halvorsen,COL,2,2,4.69,36,0,36.1,161,37,20,19,4,19,2,33
372,Ryan Rolison,CHC,2,2,4.17,36,0,36.1,158,36,18,17,4,16,1,29
373,Orlando Ribalta,WSN,2,2,4.62,36,0,36.1,161,35,20,19,5,18,2,32
374,Germán Márquez,SDP,2,2,4.7,13,5,36.1,157,38,20,19,6,13,1,28
375,Carson Whisenhunt,SFG,2,2,4.25,12,5,36,157,36,18,17,4,14,2,28
376,Eric Lauer,LAD,2,2,4.58,27,2,36,156,36,19,18,6,13,1,32
377,Gordon Graceffo,STL,2,2,4.26,36,0,36,156,37,18,17,4,12,1,27
378,Jonathan Bowlan,PHI,2,2,3.73,36,0,36,152,33,16,15,4,12,1,34
379,Steven Cruz,KCR,2,2,4.19,36,0,36,156,33,18,17,4,17,2,36
380,Josh Hader,HOU,2,2,3.26,36,0,36,148,26,14,13,4,14,2,49
381,AJ Blubaugh,HOU,2,2,4.39,36,0,36,155,34,19,18,5,16,1,33
382,Robert Gasser,MIL,2,2,4.12,16,4,36,153,34,18,16,5,12,2,34
383,Justin Steele,CHC,2,2,3.61,6,6,36,149,33,16,14,4,11,1,34
384,Cameron Weston,BAL,2,2,4.2,31,1,35.2,155,34,18,17,4,15,2,33
385,Kendry Rojas,MIN,2,2,4.11,26,2,35.2,156,34,18,16,4,15,2,32
386,Taijuan Walker,LAA,2,2,4.75,17,4,35.2,157,38,20,19,5,13,2,26
387,Enmanuel De Jesus,DET,2,2,4.1,36,0,35.2,156,34,18,16,4,16,2,31
388,Jack Perkins,ATH,2,2,3.75,35,0,35.1,151,31,16,15,4,15,2,37
389,Peyton Gray,TEX,2,2,4,35,0,35.1,151,33,17,16,4,14,1,33
390,Edgardo Henriquez,LAD,2,2,4.06,35,0,35.1,153,31,17,16,4,17,2,36
391,Austin Warren,NYM,2,2,3.94,35,0,35.1,152,33,17,15,4,14,2,34
392,JT Brubaker,SFG,2,2,4.3,35,0,35.1,155,36,18,17,4,15,2,29
393,Tyron Guerrero,BOS,2,2,4.1,35,0,35,152,34,17,16,4,15,2,32
394,Drew Pomeranz,LAA,2,2,3.91,35,0,35,149,31,16,15,5,14,2,36
395,Jimmy Herget,COL,2,2,4.7,35,0,35,152,36,19,18,5,12,2,32
396,Kody Funderburk,MIN,2,2,3.82,35,0,35,153,33,16,15,3,17,2,33
397,Lake Bachar,MIA,2,2,4.08,35,0,35,151,32,17,16,5,15,1,35
398,Casey Legumina,TBR,2,2,4.32,35,0,35,152,34,18,17,4,15,2,31
399,Jake Woodford,MIL,2,2,4.25,35,0,35,151,36,18,17,5,11,2,28
400,Mason Barnett,ATH,2,2,4.71,20,3,34.2,153,35,20,18,5,16,2,28
401,Paul Blackburn,NYY,2,2,3.9,35,0,34.2,148,34,16,15,4,10,1,30
402,Erik Sabrowski,CLE,2,2,3.5,35,0,34.2,149,26,15,13,4,20,1,46
403,Matt Pushard,STL,2,2,4.33,35,0,34.2,151,34,18,17,4,14,2,29
404,Brandyn Garcia,ARI,2,2,3.8,34,0,34.1,150,33,16,15,3,16,2,32
405,Jose Quintana,COL,2,3,5.5,6,6,34,155,41,22,21,5,14,1,23
406,Tanner Banks,PHI,2,2,3.76,34,0,34,144,31,15,14,4,12,1,33
407,Brandon Eisert,CHW,2,2,3.96,34,0,34,146,32,16,15,4,14,2,31
408,Ryan Borucki,SFG,2,2,3.84,34,0,34,147,32,16,15,3,15,2,31
409,Ryan Yarbrough,NYY,2,2,4.16,34,0,34,147,34,17,16,5,11,2,28
410,Mason Black,KCR,2,2,4.6,34,0,34,149,35,19,17,5,14,2,28
411,Ricky Vanasco,DET,2,2,4,34,0,33.2,147,30,16,15,4,17,1,34
412,Alex Hoppe,SEA,2,2,3.87,34,0,33.2,147,32,16,14,3,16,1,30
413,Keegan Thompson,COL,1,2,5,34,0,33.2,150,36,20,19,5,14,2,28
414,Cade Gibson,MIA,2,2,4.05,34,0,33.2,148,34,17,15,3,14,3,27
415,Connor Seabold,TOR,2,2,4.43,34,0,33.2,146,34,18,17,5,11,2,29
416,Caleb Ferguson,CIN,2,2,4.03,34,0,33.2,146,32,16,15,4,15,2,32
417,Steven Okert,HOU,2,2,3.99,33,0,33.1,142,29,16,15,5,14,2,36
418,Matt Festa,CLE,2,2,4.13,33,0,33.1,143,31,16,15,4,13,2,33
419,Ryan Fernandez,STL,2,2,3.7,33,0,33.1,142,29,15,14,3,15,1,35
420,Travis Adams,MIN,2,2,4.38,28,1,33,144,34,17,16,4,12,1,27
421,Yuki Matsui,SDP,2,2,4.02,33,0,33,142,29,16,15,4,15,1,34
422,Patrick Sandoval,BOS,2,2,3.82,19,3,33,141,31,15,14,3,14,1,31
423,Jack Dreyer,LAD,2,1,3.87,33,0,32.2,140,29,15,14,4,13,1,33
424,Jake Bird,NYY,2,2,3.73,33,0,32.2,141,29,15,14,3,14,2,34
425,Elvis Alvarado,ATH,2,2,4.51,33,0,32.2,145,31,18,16,4,18,2,32
426,Gavin Collyer,TEX,1,2,4.55,33,0,32.2,147,30,18,17,4,20,2,31
427,Ryan Helsley,BAL,2,1,3.36,32,0,32.1,136,26,13,12,3,14,1,39
428,Jason Foley,SFG,2,2,3.73,32,0,32.1,138,32,15,13,3,11,1,27
429,Kenley Jansen,DET,2,2,4.01,32,0,32.1,138,28,15,14,4,13,1,35
430,Yariel Rodríguez,TOR,2,2,3.85,32,0,32.1,140,28,15,14,4,15,2,35
431,Welinton Herrera,COL,2,2,4.22,32,0,32.1,142,32,16,15,3,15,2,32
432,Grant Wolfram,BAL,2,2,3.91,32,0,32.1,140,31,15,14,4,13,2,31
433,Mitch Farris,LAA,2,2,3.9,32,0,32.1,139,30,15,14,4,13,1,32
434,John Klein,MIN,2,2,4.02,32,0,32.1,139,31,16,14,4,11,2,31
435,Hayden Harris,ATL,2,2,4.03,32,0,32.1,142,29,16,15,4,17,2,34
436,Brandan Bidois,PIT,1,2,4.66,32,0,32.1,144,31,18,17,4,17,1,31
437,Trent Thornton,CHC,2,2,4.36,32,0,32.1,140,32,17,16,4,12,1,27
438,Cody Bradford,TEX,2,2,4.13,18,3,32.1,137,32,16,15,5,9,1,28
439,Jared Koenig,MIL,2,2,3.52,32,0,32.1,137,28,14,13,3,13,2,34
440,Cole Sulser,TBR,2,2,4.14,32,0,32.1,139,31,16,15,4,13,1,28
441,Jake Bennett,BOS,2,2,4.22,12,4,32,138,34,16,15,4,11,1,23
442,Alimber Santa,HOU,2,2,4.31,32,0,32,142,30,17,15,4,18,2,30
443,Alan Rangel,PHI,2,2,4.64,12,4,32,138,32,18,17,5,11,1,26
444,A.J. Puk,ARI,2,1,3.46,32,0,31.2,133,27,13,12,3,12,2,36
445,Emilio Pagán,CIN,2,2,4.33,32,0,31.2,135,29,16,15,5,12,1,34
446,David Morgan,SDP,2,2,4.03,32,0,31.2,138,29,15,14,4,15,2,30
447,Jonathan Pintaro,NYM,2,1,3.65,31,0,31.1,135,28,14,13,3,14,2,32
448,Chase Shugart,PHI,2,2,4.29,31,0,31.1,136,31,16,15,4,12,1,27
449,Cole Winn,TEX,1,2,4.22,31,0,31.1,137,30,16,15,4,14,2,29
450,David Festa,MIN,2,2,3.8,17,3,31.1,133,28,14,13,4,11,1,33
451,Spencer Schwellenbach,ATL,2,2,3.57,5,5,31,129,29,13,12,4,8,1,30
452,Paxton Schultz,WSN,1,2,4.25,31,0,31,134,30,16,15,4,12,1,28
453,Adam Macko,TOR,2,2,4,31,0,31,135,29,15,14,4,13,2,29
454,Ethan Roberts,CHC,1,2,4.31,31,0,31,136,30,16,15,4,14,2,28
455,Nick Davila,SEA,1,2,4.18,31,0,31,135,31,16,14,4,12,1,23
456,Codi Heuer,CLE,1,2,4.06,31,0,30.2,134,29,15,14,4,13,1,29
457,Ryan Watson,BOS,1,2,4.38,30,0,30.1,132,30,16,15,4,12,1,26
458,Matt Strahm,KCR,2,1,3.78,30,0,30,127,26,13,13,4,10,1,33
459,Daniel Duarte,NYM,1,1,4.05,30,0,30,131,28,15,14,3,14,1,28
460,Cade Povich,BAL,2,2,3.96,16,3,30,127,28,14,13,4,11,1,29
461,Cody Laweryson,MIN,1,2,4.37,30,0,29.2,130,30,16,14,4,11,1,26
462,Hunter Stratton,ATL,1,1,4.2,30,0,29.2,129,29,15,14,4,12,1,27
463,PJ Poulin,WSN,1,2,4.11,30,0,29.2,131,29,15,14,3,14,1,27
464,Josh Ekness,MIA,1,2,4.27,30,0,29.2,131,28,15,14,3,15,2,28
465,Connor Phillips,CIN,1,2,4.71,30,0,29.2,133,27,17,16,4,17,2,32
466,Nick Pivetta,SDP,2,2,3.84,5,5,29.2,124,26,14,13,4,10,1,33
467,Jonathan Heasley,TBR,1,2,4.61,30,0,29.2,128,31,16,15,5,9,1,22
468,Jonathan Hernández,LAD,2,1,4.02,29,0,29.1,128,28,14,13,3,14,1,28
469,Trevor Richards,CHW,1,2,4.43,29,0,29.1,128,27,15,14,5,13,1,29
470,Matt Svanson,STL,1,1,3.92,29,0,29.1,127,28,14,13,3,12,2,27
471,Caden Dana,LAA,1,2,5,5,5,29.1,130,30,17,16,5,14,1,24
472,Coleman Crow,MIL,2,2,4.03,14,3,29.1,124,28,14,13,4,9,1,27
473,Jordan Montgomery,TEX,2,2,4.17,10,4,29.1,125,30,15,14,4,9,1,23
474,Trevor Martin,TBR,1,2,4.44,29,0,29,126,29,15,14,4,11,1,24
475,Jordan Wicks,CHC,2,2,3.98,15,3,29,124,29,14,13,4,10,1,24
476,Robert Garcia,TEX,1,1,3.52,29,0,28.2,122,25,12,11,3,12,1,31
477,Zach Pop,PHI,1,1,4.16,29,0,28.2,125,29,15,13,3,11,1,23
478,Yimi García,TOR,1,1,3.57,29,0,28.2,120,24,12,11,3,11,1,32
479,Tayler Saucedo,LAA,1,1,4.06,29,0,28.2,125,27,14,13,3,14,2,25
480,Robinson Ortiz,SEA,1,1,4.1,29,0,28.2,126,26,14,13,3,16,1,26
481,Jason Alexander,HOU,1,2,4.28,19,2,28.1,122,29,15,13,4,9,1,22
482,Chris Paddack,CIN,1,2,4.97,5,5,28.1,123,31,17,16,5,8,1,22
483,Franco Aleman,CLE,1,1,3.86,28,0,28.1,122,25,13,12,3,13,1,30
484,Jonah Tong,NYM,2,1,3.48,14,3,28,119,23,12,11,3,13,1,32
485,Kyle Hart,SDP,1,1,3.93,28,0,27.2,119,27,13,12,3,10,1,24
486,Andrew Hoffmann,ARI,1,1,4.35,28,0,27.2,122,28,14,13,3,12,1,23
487,Tyler Samaniego,BOS,1,1,4.42,28,0,27.2,123,28,15,14,3,13,1,22
488,Zach Maxwell,CIN,1,1,4.63,28,0,27.2,124,25,15,14,4,17,1,28
489,Ryan Walker,SFG,1,1,3.5,27,0,27.1,116,24,12,11,2,11,2,28
490,Brady Basso,ATH,1,1,3.9,27,0,27.1,117,27,13,12,3,9,1,24
491,Paul Gervase,LAD,1,1,4.37,27,0,27.1,121,24,14,13,4,15,1,28
492,Eli Morgan,KCR,1,1,4.81,27,0,27.1,121,28,16,15,4,11,1,23
493,Yovanny Cruz,NYY,1,1,4.66,27,0,27.1,124,26,15,14,4,16,2,25
494,Brant Hurter,DET,1,1,3.62,27,0,27.1,116,26,12,11,3,9,2,24
495,Victor Vodnik,COL,1,1,4.53,27,0,27.1,121,28,15,14,3,14,1,26
496,Najer Victor,LAA,1,1,4.46,27,0,27.1,121,25,15,13,3,16,1,27
497,Isaac Mattson,PIT,1,1,4.58,27,0,27.1,120,26,15,14,4,13,1,24
498,Josh Simpson,SEA,1,1,3.96,27,0,27.1,119,24,13,12,3,15,1,27
499,Philip Abner,ARI,1,1,4.07,27,0,27,117,27,13,12,3,11,1,23
500,Jesse Scholtens,TBR,1,2,4.45,12,3,27,117,28,14,13,4,9,1,22
501,Rob Zastryzny,MIL,1,1,3.96,27,0,27,115,25,13,12,3,11,1,25
502,Chris Roycroft,STL,1,1,4.21,27,0,26.2,118,27,14,12,3,12,1,20
503,Zach Thornton,NYM,2,2,3.96,12,3,26.1,113,26,13,12,3,9,1,22
504,Zack Kelly,BOS,1,1,4.25,26,0,26.1,115,25,13,12,3,12,1,25
505,Chase Petty,CIN,1,2,4.91,17,2,26.1,117,28,15,14,4,11,1,20
506,José Suarez,ATH,1,1,3.78,26,0,26.1,111,24,12,11,3,10,1,26
507,Jordan Hicks,CHW,1,1,3.95,26,0,26.1,114,24,13,11,3,13,2,24
508,Yerry De los Santos,NYY,1,1,3.81,26,0,26.1,113,25,12,11,3,11,1,22
509,Ryan Lambert,NYM,1,1,4,26,0,26.1,114,22,12,12,3,15,1,30
510,Eric Cerantola,KCR,1,1,4.33,26,0,26.1,116,24,14,13,3,14,2,26
511,Luke Little,CHC,1,1,3.64,26,0,26,114,21,12,10,2,16,2,28
512,Nick Raquet,BAL,1,1,4.29,26,0,26,113,27,13,12,3,10,1,20
513,Blas Castaño,COL,1,1,5.08,26,0,26,116,30,16,15,3,9,2,18
514,James Karinchak,ATL,1,1,4.26,26,0,25.2,113,22,13,12,3,14,1,29
515,Logan VanWey,HOU,1,1,4.4,26,0,25.2,113,24,14,13,3,13,2,24
516,Corbin Burnes,ARI,2,1,3.82,4,4,25,106,24,12,11,3,8,1,25
517,Brendon Little,TOR,1,1,3.48,25,0,24.2,108,21,11,10,2,14,1,26
518,Daniel Espino,CLE,1,1,4.14,25,0,24.2,108,22,12,11,3,12,1,26
519,Zak Kent,WSN,1,1,4.35,25,0,24.2,109,24,13,12,3,11,1,22
520,William Kempner,MIA,1,1,4.2,25,0,24.2,109,22,12,11,3,14,2,26
521,Mitch Spence,KCR,1,1,4.35,19,1,24,104,26,13,12,3,7,1,19
522,River Ryan,LAD,1,1,4.43,4,4,24,104,24,13,12,3,9,1,20
523,Thomas White,MIA,1,2,4.14,4,4,24,105,22,12,11,3,13,1,23
524,Jose Franco,CIN,1,1,4.43,24,0,23.2,104,23,13,12,3,11,1,22
525,Jayden Murray,HOU,1,1,4.68,24,0,23.2,105,24,13,12,3,11,1,20
526,Chase Solesky,TBR,1,1,4.33,19,1,23.2,102,24,12,11,3,8,1,18
527,Chris Murphy,CHW,1,1,4.13,24,0,23.2,103,22,12,11,3,12,1,21
528,Seth Johnson,PHI,1,1,4.28,24,0,23.2,103,22,12,11,3,11,1,22
529,Gregory Santos,SFG,1,1,4.1,24,0,23.2,103,23,12,11,2,11,1,20
530,Joey Gerber,NYM,1,1,4.21,24,0,23.2,102,22,12,11,3,9,1,22
531,Josiah Gray,WSN,1,2,5.09,4,4,23.2,105,24,14,13,4,10,1,20
532,Carson Seymour,SFG,1,1,4.1,14,2,23.1,102,24,12,11,2,9,1,18
533,Ben Joyce,LAA,1,1,3.47,23,0,23.1,99,19,10,9,2,12,1,28
534,Will Dion,CLE,1,1,3.79,23,0,23,98,22,11,10,3,7,1,21
535,Brandon Williamson,CIN,1,1,4.58,18,1,23,100,23,12,12,4,9,1,21
536,Carter Baumler,TEX,1,1,4.59,23,0,23,101,22,13,12,3,12,1,20
537,Craig Yoho,MIL,1,1,3.97,23,0,23,99,21,11,10,3,11,1,23
538,Ryan Johnson,LAA,1,1,4.14,18,1,22.2,97,22,11,10,3,8,1,20
539,Braden Nett,ATH,1,1,4.59,13,2,22.2,100,23,12,12,3,11,1,19
540,Alec Gamboa,BOS,1,1,4.05,22,0,22.1,98,23,11,10,2,10,1,19
541,Taylor Rashi,ARI,1,1,4.08,22,0,22.1,98,22,11,10,2,10,1,21
542,Brock Stewart,LAD,1,1,3.42,22,0,22.1,93,18,9,8,3,9,1,27
543,Josh Sborz,TEX,1,1,4.08,22,0,22.1,96,20,11,10,3,10,1,22
544,Kervin Castro,NYY,1,1,4.24,22,0,22.1,97,22,11,10,3,10,1,19
545,Trey Gibson,BAL,1,1,4.15,12,2,22.1,97,22,11,10,2,9,1,19
546,Elmer Rodríguez,NYY,1,1,3.97,13,2,22.1,97,21,11,10,2,10,1,19
547,Hunter Harvey,CHC,1,1,3.39,22,0,22,91,19,9,8,2,7,1,24
548,Daysbel Hernández,ATL,1,1,4.12,22,0,22,97,20,11,10,2,13,1,23
549,Chris Devenski,PIT,1,1,4.37,22,0,22,95,22,11,11,3,8,1,19
550,Cameron Foster,BAL,1,1,4.5,22,0,22,96,22,12,11,3,10,1,19
551,Chad Dallas,TOR,1,1,4.35,12,2,21.2,94,22,11,10,3,8,1,18
552,Carlos Estévez,KCR,1,1,4.47,22,0,21.2,94,21,11,11,3,9,1,20
553,Tyler Schweitzer,CHW,1,1,4.27,22,0,21.2,94,22,11,10,3,8,1,16
554,Joey Estes,ATH,1,1,4.94,17,1,21.2,94,23,13,12,4,6,1,16
555,José Urquidy,PIT,1,1,4.38,17,1,21.1,91,22,11,10,3,6,1,17
556,Domingo Gonzalez,SEA,1,1,4.17,21,0,21.1,93,20,11,10,3,9,1,19
557,Josh Stephan,TEX,1,1,4.32,11,2,21.1,91,22,11,10,3,7,1,16
558,Eduardo Rivera,BOS,1,1,3.78,21,0,21,92,19,10,9,2,10,1,21
559,Alek Jacob,SDP,1,1,4.74,21,0,21,94,21,12,11,3,10,1,18
560,Karson Milbrandt,MIA,1,1,4.39,11,2,21,93,20,11,10,2,11,1,18
561,Edwin Díaz,LAD,1,1,3.08,21,0,21,86,15,8,7,2,9,1,29
562,Burch Smith,DET,1,1,3.79,21,0,20.2,88,19,9,9,2,7,1,20
563,Julian Fernández,WSN,1,1,3.91,21,0,20.2,88,19,10,9,3,8,1,21
564,Chase Lee,TOR,1,1,4.07,21,0,20.2,89,20,10,9,3,8,1,19
565,Scott Blewett,STL,1,1,4.2,21,0,20.2,90,21,10,10,2,8,1,16
566,Wikelman González,CHW,1,1,4.43,20,0,20.1,90,18,11,10,3,12,1,20
567,Gabriel Hughes,COL,1,1,4.7,15,1,20.1,88,22,11,11,3,7,1,16
568,Yorman Gómez,CLE,1,1,4.42,15,1,20.1,89,20,11,10,3,8,1,17
569,Edwin Uceta,TBR,1,1,3.62,20,0,20.1,85,17,9,8,2,8,1,23
570,Carlos Rodriguez,MIL,1,1,4.31,20,0,20.1,87,19,10,10,3,8,1,19
571,Javier Assad,CHC,1,1,4.34,15,1,20,87,20,10,10,3,7,1,16
572,Trevor Williams,WSN,1,1,4.26,15,1,20,85,20,10,9,3,5,1,17
573,Luis Mey,CIN,1,1,4.36,20,0,19.2,88,18,10,10,2,12,1,19
574,Austin Peterson,CLE,1,1,4.43,10,2,19.2,85,21,10,10,3,5,1,15
575,Blade Tidwell,SFG,1,1,4.09,15,1,19.2,85,18,10,9,2,8,1,18
576,Angel Chivilli,NYY,1,1,4.18,20,0,19.2,86,19,10,9,3,8,1,18
577,Michael Kelly,ATH,1,1,4.72,20,0,19.2,87,20,11,10,3,9,1,17
578,Josh Walker,BAL,1,1,3.99,19,0,19.1,84,18,9,9,2,9,1,19
579,Carlos Carrasco,ATL,1,1,4.06,19,0,19.1,83,20,10,9,2,5,1,16
580,Sammy Peralta,COL,1,1,4.8,19,0,19.1,86,22,11,10,3,7,1,14
581,Kade Strowd,ARI,1,1,4.19,19,0,19.1,86,19,10,9,2,10,1,17
582,Cam Sanders,PIT,1,1,4.63,19,0,19.1,88,18,11,10,2,13,1,19
583,Gavin Hollowell,CHC,1,1,4.41,19,0,19.1,86,18,10,10,2,11,1,19
584,Bennett Sousa,HOU,1,1,3.56,19,0,19.1,81,16,8,8,2,8,1,22
585,Andrew Walters,CLE,1,1,4.06,19,0,19.1,84,17,9,9,2,10,1,22
586,Bailey Falter,KCR,1,1,4.6,14,1,18.2,80,19,10,10,3,6,1,15
587,Jack Anderson,BOS,1,1,4.46,18,0,18.1,80,19,10,9,3,6,1,14
588,Garrett Hawkins,SDP,1,1,4.6,18,0,18.1,82,18,10,9,3,10,1,16
589,Quinn Mathews,STL,1,1,4.34,3,3,18.1,82,18,10,9,2,10,1,16
590,Michael Kopech,,1,1,4.29,18,0,18.1,80,16,9,9,2,11,1,20
591,Luis Curvelo,TEX,1,1,4.61,18,0,18.1,81,18,10,9,3,9,1,16
592,Wyatt Mills,LAD,1,1,4.67,18,0,18.1,81,18,10,10,3,9,1,16
593,Drew Sommers,DET,1,1,3.58,18,0,18,78,17,8,7,2,8,1,17
594,Josh White,MIA,1,1,4.01,18,0,18,79,16,9,8,2,8,1,18
595,Garrett Acton,MIN,1,1,4.24,18,0,18,79,16,9,9,2,8,1,19
596,Tanner Andrews,TOR,1,1,4.39,18,0,18,80,18,10,9,2,9,1,16
597,Andre Granillo,WSN,1,1,4.95,18,0,18,81,18,11,10,3,9,1,15
598,Hagen Smith,CHW,1,1,4.5,3,3,18,81,16,10,9,2,11,1,18
599,Julian Aguiar,CIN,1,1,4.69,13,1,18,78,19,10,9,3,6,1,14
600,Kutter Crawford,BOS,1,1,4.01,13,1,18,75,17,8,8,3,5,1,18
601,Justin Martinez,ARI,1,1,3.1,18,0,17.2,76,14,7,6,1,10,1,23
602,Dylan Ross,NYM,1,1,4.03,18,0,17.2,78,16,9,8,2,10,1,18
603,Brian Fitzpatrick,MIL,1,1,4.31,17,0,17.1,76,17,9,8,2,8,1,15
604,Jhony Brito,SDP,1,1,4.1,17,0,17.1,74,17,8,8,2,6,1,14
605,Nolan Hoffman,PHI,1,1,4.07,17,0,17,74,16,8,8,2,8,1,16
606,Michel Otañez,TEX,1,1,3.86,17,0,17,75,14,8,7,2,11,1,20
607,Tyler Gilbert,CHW,1,1,4.14,17,0,17,73,17,8,8,2,6,1,15
608,Tristan Beck,SFG,1,1,4.15,17,0,17,73,17,8,8,2,6,1,14
609,Jeff Criswell,COL,1,1,4.7,17,0,17,74,17,9,9,2,7,1,16
610,Luis Peralta,CHC,1,1,4.49,17,0,17,76,15,9,8,2,11,1,16
611,Max Rajcic,STL,1,1,4.49,12,1,16.2,74,17,9,8,2,6,1,12
612,JP Sears,SDP,1,1,4.16,12,1,16.1,69,16,8,8,3,5,1,15
613,Lazaro Estrada,TOR,1,1,4.33,11,1,16.1,70,16,8,8,2,5,1,14
614,Thomas Harrington,PIT,1,1,4.57,11,1,16.1,70,17,9,8,2,5,1,13
615,Hayden Wesneski,HOU,1,1,4.01,11,1,16,68,15,8,7,2,5,1,16
616,Jack Wenninger,NYM,1,1,4.09,6,2,16,69,15,8,7,2,6,1,14
617,Kyle Nicolas,CIN,1,1,4.53,16,0,16,71,15,9,8,2,9,1,16
618,Duncan Davitt,CHW,1,1,4.06,16,0,15.2,67,15,8,7,2,5,1,13
619,Ben Casparius,LAD,1,1,4.45,16,0,15.2,68,15,8,8,2,6,1,15
620,Ty Adcock,SDP,1,1,4.23,16,0,15.2,68,15,8,7,2,6,1,14
621,Colin Selby,BAL,1,1,3.81,16,0,15.2,67,14,7,7,2,7,1,16
622,Marco Raya,MIN,1,1,4.12,16,0,15.2,68,15,8,7,2,7,1,14
623,Adbert Alzolay,NYM,1,1,3.98,16,0,15.2,66,15,7,7,2,6,1,15
624,Beau Brieske,DET,1,1,4.24,16,0,15.2,68,15,8,7,2,7,1,14
625,Anthony Molina,ATL,1,1,4.32,16,0,15.2,67,17,8,7,2,5,1,12
626,Bradley Blalock,MIA,1,1,4.53,16,0,15.2,68,16,8,8,2,6,1,12
627,Easton McGee,MIL,1,1,4.13,15,0,15.1,67,16,8,7,2,5,1,12
628,Ryan Weiss,HOU,1,1,3.86,15,0,15.1,66,14,7,7,2,6,1,16
629,Ty Madden,DET,1,1,4.14,10,1,15,65,15,7,7,2,6,1,13
630,Dylan Smith,SFG,1,1,4.13,15,0,15,66,15,8,7,2,7,1,13
631,Austin Love,STL,1,1,4.58,15,0,14.2,65,15,8,7,2,7,1,12
632,Drey Jameson,ARI,1,1,3.98,15,0,14.2,63,14,7,6,1,6,1,14
633,Evan Phillips,LAD,1,1,3.5,14,0,14.1,60,12,6,6,2,5,1,16
634,Brooks Kriske,ATH,1,1,4.17,14,0,14.1,63,13,7,7,2,7,1,15
635,José Leclerc,SDP,1,1,3.98,14,0,14.1,62,12,7,6,2,7,1,16
636,Mike Clevinger,PIT,1,1,4.39,14,0,14.1,62,14,7,7,2,5,1,12
637,Eduarniel Núñez,BAL,1,1,4.65,14,0,14.1,65,14,8,7,2,9,1,13
638,Tommy Kahnle,BOS,1,1,4.44,14,0,14.1,63,14,8,7,2,7,1,13
639,Samy Natera Jr.,LAA,1,1,4.3,14,0,14.1,63,13,7,7,2,8,1,15
640,Cole Wilcox,SEA,1,1,3.91,14,0,14.1,61,14,7,6,1,6,1,12
641,Colton Gordon,HOU,1,1,3.92,14,0,14,59,14,7,6,2,3,1,13
642,Sawyer Gipson-Long,DET,1,1,3.96,9,1,13.2,58,14,7,6,2,4,1,11
643,Joe Mantiply,TOR,1,1,3.7,14,0,13.2,58,14,6,6,1,4,0,11
644,Luis Perales,WSN,1,1,4.27,14,0,13.2,59,13,7,6,2,6,1,12
645,Yilber Díaz,ARI,1,1,4.33,13,0,13.1,59,12,7,6,1,8,1,13
646,Kyle Backhus,PHI,1,1,3.93,13,0,13,56,12,6,6,2,5,1,12
647,Alex Carrillo,NYM,1,1,4.08,13,0,13,58,11,6,6,2,8,1,14
648,Spencer Bivens,SFG,1,1,4.16,13,0,13,57,14,7,6,1,5,1,10
649,Tyler Ferguson,CHC,1,1,4.28,13,0,13,57,12,7,6,2,7,1,12
650,Ben Peoples,CHW,1,1,4.59,13,0,13,58,13,7,7,2,7,1,11
651,Tommy Nance,TOR,1,1,3.61,13,0,13,55,12,6,5,1,5,1,13
652,Carson Palmquist,WSN,1,1,4.37,13,0,13,57,12,7,6,2,6,1,12
653,Victor Mederos,ATL,1,1,4.42,13,0,13,57,13,7,6,2,5,1,10
654,Jack Ralston,MIA,1,1,4.55,13,0,13,58,12,7,7,2,8,1,12
655,Spencer Turnbull,,1,1,4.76,2,2,12.2,56,13,7,7,2,6,1,10
656,Matt Waldron,SDP,1,1,4.2,8,1,12.2,53,12,6,6,2,4,1,11
657,Trenton Denholm,CLE,1,1,4.46,8,1,12.1,54,13,7,6,2,3,0,9
658,Ty Johnson,TBR,1,1,4.21,2,2,12.1,53,11,6,6,2,5,1,12
659,Brody Hopkins,TBR,1,1,4.85,2,2,12.1,56,12,7,7,2,7,1,11
660,DJ Herz,WSN,1,1,3.79,8,1,12.1,53,10,6,5,1,6,1,14
661,Joe Rock,CHW,1,1,3.82,12,0,12,52,12,6,5,1,4,1,10
662,Jared Shuster,STL,1,1,4.43,12,0,12,53,13,6,6,1,5,0,8
663,Drew Thorpe,CHW,1,1,4.71,2,2,12,52,12,7,6,2,5,0,9
664,Logan Gillaspie,SDP,1,1,4.36,12,0,12,52,12,6,6,2,4,1,9
665,Joe La Sorsa,PIT,1,1,4.62,12,0,12,53,13,7,6,2,5,1,8
666,Ethan Pecko,HOU,1,1,4.38,2,2,12,51,12,6,6,2,5,0,10
667,Chayce McDermott,LAD,1,1,4.14,12,0,11.2,51,10,6,5,2,6,1,13
668,Brendan Beck,NYY,1,1,3.88,12,0,11.2,50,11,5,5,2,3,0,11
669,Max Lazar,PHI,1,1,4.37,12,0,11.2,51,12,6,6,2,4,0,9
670,Ryan Brasier,TEX,1,1,3.84,12,0,11.2,49,11,5,5,1,4,0,11
671,Jordan Romano,COL,1,1,4.68,12,0,11.2,51,12,6,6,2,5,1,12
672,C.J. Culpepper,MIN,1,1,4.2,12,0,11.2,51,12,6,5,1,5,1,10
673,Rolddy Muñoz,ATL,1,1,4.12,12,0,11.2,51,11,6,5,1,6,1,11
674,Pedro Avila,CLE,1,1,4.28,12,0,11.2,50,12,6,5,1,4,1,10
675,George Klassen,LAA,1,1,4.69,2,2,11.1,50,11,6,6,1,6,0,9
676,Juan Burgos,ARI,1,1,4.53,11,0,11.1,50,12,6,6,1,5,1,9
677,Clarke Schmidt,NYY,1,1,3.76,6,1,11,47,10,5,5,1,4,1,11
678,Bailey Horn,DET,1,1,4.15,11,0,11,48,10,5,5,1,5,0,10
679,Ronel Blanco,HOU,1,1,4.05,6,1,11,47,10,5,5,1,5,0,12
680,Johan Oviedo,BOS,1,1,3.76,11,0,10.2,45,9,5,4,1,4,1,11
681,Michael Grove,TBR,1,0,3.5,10,0,10.1,44,9,4,4,1,3,0,11
682,Charlie Barnes,LAD,1,0,4.12,10,0,10.1,45,11,5,5,1,4,1,9
683,Drew Smith,MIN,0,1,4.61,10,0,10.1,46,10,6,5,2,5,1,10
684,Beck Way,KCR,0,1,4.95,10,0,10.1,48,11,6,6,1,6,1,8
685,Riley Martin,CHC,1,1,3.85,10,0,10.1,45,9,5,4,1,6,0,10
686,Jackson Rutledge,PHI,0,1,4.42,10,0,10.1,45,10,5,5,1,4,1,9
687,Troy Taylor,SEA,0,1,4.1,10,0,10.1,45,10,5,5,1,5,1,9
688,Hagen Danner,CIN,0,1,4.73,10,0,10.1,46,11,6,5,1,5,0,9
689,Alexis Díaz,TEX,0,1,4.68,10,0,10.1,47,9,6,5,1,6,1,10
690,Valente Bellozo,COL,0,1,5.59,10,0,10.1,46,12,7,6,2,4,0,7
691,Zach Brzykcy,MIA,0,1,4.79,10,0,10.1,46,10,6,6,1,6,0,9
692,Brusdar Graterol,LAD,1,0,3.63,10,0,9.2,42,9,4,4,1,4,0,9
693,Max Kranick,WSN,0,1,4.29,10,0,9.2,42,10,5,5,1,3,0,8
694,Tyson Neighbors,BAL,0,0,4.36,10,0,9.2,43,9,5,5,1,5,0,10
695,Liam Hendriks,CHC,0,0,4,9,0,9.1,40,8,4,4,1,4,0,10
696,Evan Fitterer,SDP,0,0,4.07,9,0,9.1,41,9,5,4,1,4,1,7
697,Justin Hagenman,NYM,0,0,3.71,9,0,9,38,9,4,4,1,2,0,8
698,Danny Young,ATL,0,0,3.74,9,0,9,40,8,4,4,1,4,1,9
699,Steven Wilson,TBR,0,0,4.64,9,0,9,40,8,5,5,1,4,0,9
700,Alex McFarlane,PHI,0,0,4.43,9,0,9,41,9,5,5,1,5,0,8
701,Jake Eder,LAD,0,0,4.59,9,0,9,40,9,5,5,1,4,0,7
702,Grant Hartwig,MIN,0,0,4.62,9,0,9,41,9,5,5,1,5,1,8
703,Eric Reyzelman,NYY,0,0,4.42,9,0,9,41,8,5,4,1,6,0,9
704,Michael Fulmer,SFG,0,0,4.02,9,0,9,39,8,4,4,1,4,0,9
705,Derek Law,ARI,0,0,4.12,9,0,9,39,9,5,4,1,4,0,8
706,Josh Staumont,CIN,0,0,4.58,9,0,9,40,8,5,5,1,5,0,9
707,Tate Kuehner,MIL,0,0,3.97,9,0,8.2,38,8,4,4,1,4,0,8
708,Doug Nikhazy,CHC,0,0,4.21,9,0,8.2,37,8,4,4,1,4,0,8
709,Cody Bolton,HOU,0,0,4.36,8,0,8.1,36,8,4,4,1,4,0,8
710,Reiver Sanmartin,SFG,0,0,4.03,8,0,8,35,8,4,4,1,3,0,6
711,Anderson Severino,NYM,0,0,3.38,8,0,8,33,6,3,3,1,4,0,9
712,David Davalillo,TEX,0,0,3.76,8,0,8,33,7,4,3,1,3,0,7
713,James McArthur,KCR,0,0,3.95,8,0,8,34,8,4,3,1,3,0,7
714,Bobby Miller,LAD,0,0,4.01,8,0,8,34,7,4,4,1,3,0,8
715,Ian Hamilton,ATL,0,0,3.78,8,0,7.2,34,7,4,3,1,4,0,8