#,Name,Team,W,L,ERA,G,GS,IP,TBF,H,R,ER,HR,BB,HBP,SO,,,,
1,Tarik Skubal,DET,9,3,2.56,18,18,112,442,88,35,32,9,20,4,136,,,,
2,Cristopher Sánchez,PHI,8,3,3,20,20,124,507,110,45,41,10,28,4,128,,,,
3,Paul Skenes,PIT,9,4,2.85,21,21,116,466,94,40,37,11,28,5,132,,,,
4,Logan Webb,SFG,9,5,3.23,20,20,123,507,115,48,44,9,27,4,115,,,,
5,Garrett Crochet,BOS,9,4,3.05,18,18,106,434,90,39,36,11,29,4,130,,,,
6,Dylan Cease,TOR,8,5,3.47,20,20,110,459,89,46,42,12,43,3,135,,,,
7,Max Fried,NYY,9,5,3.33,18,18,112,463,98,45,41,8,33,4,101,,,,
8,Yoshinobu Yamamoto,LAD,9,5,3.55,18,18,112,449,89,48,44,13,27,3,118,,,,
9,Bryan Woo,SEA,8,5,3.39,19,18,107,428,89,44,40,12,22,5,107,,,,
10,Joe Ryan,MIN,7,5,3.59,19,19,104,425,90,45,42,13,24,7,114,,,,
11,Jesús Luzardo,PHI,8,6,3.81,19,19,108,451,96,50,46,13,32,4,121,,,,
12,Kevin Gausman,TOR,8,5,3.65,19,19,110,461,104,49,45,13,29,1,108,,,,
13,Ranger Suarez,BOS,8,5,3.58,19,18,103,439,102,45,41,9,31,3,91,,,,
14,Hunter Brown,HOU,7,3,3.03,16,15,90,370,73,33,30,8,31,3,99,,,,
15,Cam Schlittler,NYY,8,5,3.54,19,18,93,387,81,40,37,10,29,3,100,,,,
16,Chris Sale,ATL,7,4,3.21,15,15,87,357,76,34,31,9,23,6,104,,,,
17,George Kirby,SEA,7,5,3.7,18,18,102,418,96,45,42,11,20,4,95,,,,
18,Jacob Misiorowski,MIL,7,4,3.41,18,17,88,362,65,36,33,9,35,7,116,,,,
19,MacKenzie Gore,TEX,6,6,4.1,20,20,103,440,91,51,47,11,41,5,118,,,,
20,Shane McClanahan,TBR,6,4,3.22,15,15,80,329,68,31,29,8,24,1,84,,,,
21,Andrew Abbott,CIN,5,6,4.27,21,21,111,475,110,57,52,14,36,2,95,,,,
22,Zack Wheeler,PHI,6,3,3.3,13,13,81,330,69,32,30,8,21,4,83,,,,
23,Chase Burns,CIN,5,5,3.91,19,15,78,326,70,37,34,10,23,0,92,,,,
24,Logan Gilbert,SEA,6,4,3.61,20,19,108,441,93,47,43,15,27,4,116,,,,
25,Jacob deGrom,TEX,7,5,3.73,18,18,99,401,84,45,41,16,23,1,109,,,,
26,Sonny Gray,BOS,7,5,3.86,18,18,98,416,97,46,42,12,27,4,98,,,,
27,Framber Valdez,DET,7,6,3.8,18,18,113,480,105,52,48,10,40,6,98,,,,
28,José Soriano,LAA,6,6,4.07,20,17,100,432,89,49,45,8,45,6,100,,,,
29,Drew Rasmussen,TBR,5,4,3.63,20,19,96,392,86,42,39,11,23,3,83,,,,
30,Reid Detmers,LAA,5,5,4.06,25,13,83,346,72,41,37,9,28,5,94,,,,
31,Freddy Peralta,NYM,8,7,4,20,20,107,451,90,52,48,14,42,4,115,,,,
32,Nick Martinez,TBR,6,6,3.88,25,15,98,415,99,46,42,9,26,4,71,,,,
33,Gavin Williams,CLE,7,5,3.54,19,19,104,437,88,44,41,13,39,4,111,,,,
34,Sandy Alcantara,MIA,6,7,4.23,18,18,111,465,106,57,52,12,31,5,88,,,,
35,David Peterson,NYM,6,5,4.01,19,16,98,423,94,47,43,8,39,5,89,,,,
36,Braxton Ashcraft,PIT,5,4,3.51,21,13,82,343,78,35,32,8,22,5,79,,,,
37,Davis Martin,CHW,5,5,3.95,17,17,89,377,85,43,39,10,27,4,78,,,,
38,Taj Bradley,MIN,5,5,4.12,18,18,97,411,90,48,44,12,34,3,95,,,,
39,Trey Yesavage,TOR,3,2,3.63,17,15,69,289,55,30,28,6,28,1,74,,,,
40,Aaron Nola,PHI,6,6,4.41,17,17,95,400,93,51,47,14,25,2,94,,,,
41,Mitch Keller,PIT,6,7,4,19,19,107,457,106,52,47,12,33,6,92,,,,
42,Kris Bubic,KCR,5,4,3.74,15,13,74,317,69,33,31,6,29,2,75,,,,
43,Clay Holmes,NYM,7,6,3.84,18,16,90,388,90,42,38,7,31,5,76,,,,
44,Casey Mize,DET,5,5,3.89,16,16,83,350,80,39,36,10,24,3,77,,,,
45,Michael Wacha,KCR,6,7,4.26,18,18,101,428,98,52,48,12,31,3,83,,,,
46,Will Warren,NYY,5,5,4.3,19,18,94,399,87,49,45,12,32,4,96,,,,
47,Tanner Bibee,CLE,6,6,3.98,19,19,107,449,101,51,47,15,31,4,99,,,,
48,Shohei Ohtani,LAD,5,2,3.19,12,12,62,251,45,24,22,7,23,5,74,,,,
49,Jack Leiter,TEX,6,6,4.18,19,19,103,434,88,52,48,13,41,4,99,,,,
50,Drew Anderson,DET,5,5,4.1,20,13,83,350,73,41,38,11,31,4,95,,,,
51,Nick Pivetta,SDP,6,5,3.83,16,15,88,364,74,41,38,13,27,2,97,,,,
52,Kyle Bradish,BAL,4,4,3.84,15,15,75,316,66,35,32,8,28,3,78,,,,
53,Tyler Glasnow,LAD,4,2,3.78,14,13,69,285,55,31,29,9,25,1,83,,,,
54,Spencer Strider,ATL,6,6,4.15,15,14,80,339,70,40,37,11,29,3,99,,,,
55,Cole Ragans,KCR,4,5,4.26,15,14,73,310,63,37,34,10,30,2,92,,,,
56,Kyle Harrison,MIL,4,3,3.91,19,16,81,340,70,38,35,10,29,5,90,,,,
57,Bailey Ober,MIN,5,6,4.36,18,18,100,419,99,52,48,15,24,4,85,,,,
58,Bryce Elder,ATL,6,6,4.22,19,19,105,450,103,54,49,11,35,4,90,,,,
59,Matthew Boyd,CHC,6,4,3.88,15,15,82,341,76,38,35,10,23,3,77,,,,
60,Payton Tolle,BOS,3,3,3.99,17,14,68,285,63,33,30,9,20,3,74,,,,
61,Trevor Rogers,BAL,5,5,4.21,16,16,85,363,83,43,40,10,27,3,73,,,,
62,Nolan McLean,NYM,6,5,3.92,19,18,98,414,86,46,43,11,37,9,103,,,,
63,Parker Messick,CLE,5,5,3.81,17,17,86,364,80,40,36,11,28,4,86,,,,
64,Michael King,SDP,6,4,3.76,16,16,85,365,76,39,36,10,35,5,90,,,,
65,Ben Brown,CHC,4,3,3.74,19,9,68,285,60,31,28,7,23,2,74,,,,
66,Shane Baz,BAL,6,6,4.3,18,18,98,420,91,51,47,13,36,5,95,,,,
67,Brandon Woodruff,MIL,4,3,3.83,13,13,64,265,57,30,27,9,17,3,67,,,,
68,Noah Cameron,KCR,5,6,4.12,18,18,95,402,92,47,43,12,29,3,82,,,,
69,Landen Roupp,SFG,6,4,3.55,16,14,74,318,67,32,29,6,29,2,76,,,,
70,Gerrit Cole,NYY,4,3,3.84,11,11,64,266,57,30,27,8,18,2,62,,,,
71,Zebby Matthews,MIN,4,4,4.06,13,13,65,273,65,32,29,9,15,1,67,,,,
72,Seth Lugo,KCR,5,5,4.04,17,16,95,407,94,46,43,12,32,3,79,,,,
73,Carmen Mlodzinski,PIT,5,4,3.54,25,10,75,321,72,32,30,6,25,3,65,,,,
74,Michael McGreevy,STL,6,7,4.07,20,19,105,443,107,51,47,13,25,2,76,,,,
75,Jeffrey Springs,ATH,6,7,4.42,19,18,98,420,97,52,48,15,32,2,85,,,,
76,Jack Flaherty,DET,6,7,4.47,18,18,91,394,84,49,45,13,38,6,102,,,,
77,Shota Imanaga,CHC,6,5,4,17,17,95,393,88,46,42,16,22,2,92,,,,
78,Yusei Kikuchi,LAA,4,5,4.38,18,17,89,392,91,47,44,13,35,2,92,,,,
79,Mason Miller,SDP,2,0,2.02,39,0,42,161,22,10,9,3,15,1,72,,,,
80,Luis Severino,ATH,5,6,4.54,17,17,96,414,94,53,48,12,34,6,83,,,,
81,Blake Snell,LAD,5,3,3.6,11,11,57,241,45,25,23,6,26,1,72,,,,
82,Carlos Rodón,NYY,6,5,4.07,14,14,72,306,63,35,33,8,29,3,75,,,,
83,Luis Castillo,SEA,6,5,3.94,19,18,102,431,96,49,45,14,31,5,96,,,,
84,Emmet Sheehan,LAD,3,3,4.2,16,13,66,272,55,33,31,9,22,4,75,,,,
85,Louis Varland,TOR,5,3,3.31,35,7,68,281,60,27,25,7,19,2,70,,,,
86,Cade Cavalli,WSN,4,4,4.04,16,16,76,321,70,37,34,7,27,9,71,,,,
87,Chad Patrick,MIL,5,5,4.35,22,16,91,388,86,48,44,12,32,3,85,,,,
88,Logan Henderson,MIL,5,4,3.96,13,13,60,249,52,29,26,8,18,2,64,,,,
89,Dustin May,STL,6,6,3.98,16,14,86,361,77,41,38,9,28,7,74,,,,
90,Janson Junk,MIA,4,6,4.46,18,14,85,362,92,46,42,11,18,2,62,,,,
91,Justin Wrobleski,LAD,5,5,4.36,20,11,77,330,76,41,38,9,24,3,66,,,,
92,Cade Smith,CLE,5,2,2.56,45,0,46,183,34,14,13,3,13,3,61,,,,
93,Sean Burke,CHW,4,6,4.39,19,15,88,381,84,47,43,12,35,5,84,,,,
94,Brayan Bello,BOS,7,7,4.41,21,19,107,462,107,57,52,13,38,5,88,,,,
95,Brady Singer,CIN,6,9,4.93,20,20,105,452,106,63,58,17,33,7,96,,,,
96,Bubba Chandler,PIT,5,6,4.27,19,18,86,375,79,45,41,10,40,6,85,,,,
97,Eury Pérez,MIA,5,6,4.37,18,18,80,335,69,42,39,12,30,3,86,,,,
98,Zac Gallen,ARI,9,7,3.98,20,20,114,481,107,55,50,15,36,4,100,,,,
99,Eduardo Rodriguez,ARI,6,5,4.09,17,17,93,406,95,46,42,12,34,1,81,,,,
100,Chris Bassitt,BAL,6,7,4.3,20,17,100,434,102,52,48,12,35,8,86,,,,
101,Mick Abel,MIN,5,4,4.09,15,14,72,310,68,36,33,8,29,4,70,,,,
102,Brandon Pfaadt,ARI,5,5,4.4,20,17,97,412,99,52,48,13,25,5,88,,,,
103,Michael Soroka,ARI,6,4,3.69,17,13,73,304,63,32,30,7,24,6,71,,,,
104,Joe Boyle,TBR,4,4,4.19,16,14,68,294,56,34,31,7,37,4,75,,,,
105,Nathan Eovaldi,TEX,5,5,4.09,13,13,79,330,73,39,36,12,21,4,74,,,,
106,Connelly Early,BOS,5,5,4.32,18,16,81,347,76,42,39,10,30,8,81,,,,
107,Robby Snelling,MIA,4,4,4.29,13,13,65,281,65,34,31,8,23,2,59,,,,
108,Shane Smith,CHW,4,5,4.19,16,16,79,332,67,40,37,9,32,7,76,,,,
109,Jhoan Duran,PHI,6,2,2.46,41,0,41,165,31,12,11,2,12,2,52,,,,
110,Bryce Miller,SEA,4,3,4.04,13,13,69,288,63,34,31,9,19,3,62,,,,
111,Ryan Weathers,NYY,3,3,4.38,14,13,66,283,62,35,32,9,23,2,66,,,,
112,Matthew Liberatore,STL,5,6,4.32,21,17,94,400,92,49,45,12,30,3,82,,,,
113,Max Meyer,MIA,3,3,3.85,13,13,62,265,58,29,27,7,22,3,62,,,,
114,Grant Taylor,CHW,2,1,3.24,32,6,40,167,34,16,14,3,14,0,46,,,,
115,Nick Lodolo,CIN,4,5,4.62,15,15,78,329,74,44,40,11,23,11,80,,,,
116,Tatsuya Imai,HOU,4,4,4.25,14,14,72,307,64,37,34,11,29,3,81,,,,
117,Griffin Jax,TBR,4,3,3.41,44,3,47,194,39,19,18,4,15,1,58,,,,
118,Rhett Lowder,CIN,4,5,4.6,15,15,71,308,71,40,37,8,24,3,55,,,,
119,Joey Cantillo,CLE,4,4,4.06,21,14,73,319,66,36,33,9,34,1,77,,,,
120,Jonah Tong,NYM,5,5,4.2,14,13,63,271,57,32,29,8,27,1,70,,,,
121,Dietrich Enns,BAL,4,4,4.18,22,10,65,286,70,33,30,8,23,2,60,,,,
122,Edward Cabrera,CHC,5,4,4.09,17,17,88,372,75,44,40,12,34,5,91,,,,
123,Jack Perkins,ATH,4,3,3.65,17,7,53,222,44,23,22,5,20,5,57,,,,
124,Ian Seymour,TBR,4,5,4.22,25,11,77,322,70,39,36,11,23,5,76,,,,
125,Garrett Whitlock,BOS,4,2,3.24,31,3,45,186,39,18,16,5,12,2,53,,,,
126,Merrill Kelly,ARI,6,6,4.11,17,17,99,424,98,49,45,14,32,1,82,,,,
127,Cody Ponce,TOR,4,4,4.23,12,12,68,287,63,35,32,10,21,3,67,,,,
128,Andre Pallante,STL,6,7,4.41,21,17,93,406,94,50,46,9,36,3,69,,,,
129,Grayson Rodriguez,LAA,3,4,4.34,11,11,54,232,51,28,26,7,20,2,56,,,,
130,Andrew Morris,MIN,3,3,4.15,17,11,61,261,63,30,28,7,18,2,48,,,,
131,Emerson Hancock,SEA,4,4,4.25,19,16,86,364,83,44,40,12,26,5,75,,,,
132,Cade Horton,CHC,4,4,4.01,14,14,67,279,60,33,30,9,20,3,60,,,,
133,Gage Jump,ATH,4,4,4.13,14,13,59,250,57,29,27,7,18,4,53,,,,
134,Stephen Kolek,KCR,4,5,4.36,17,14,76,328,78,40,37,7,24,6,52,,,,
135,Sean Manaea,NYM,3,3,4.44,16,9,67,283,62,36,33,10,22,5,69,,,,
136,Foster Griffin,WSN,3,4,4.52,13,12,67,287,67,37,34,10,20,4,65,,,,
137,Kumar Rocker,TEX,4,4,4.27,13,12,57,246,56,30,27,7,20,2,52,,,,
138,Logan Allen,CLE,4,5,4.31,14,13,73,317,73,38,35,10,28,3,63,,,,
139,Simeon Woods Richardson,MIN,4,5,4.68,18,16,84,367,85,48,44,12,32,2,68,,,,
140,Dean Kremer,BAL,4,5,4.45,15,14,80,344,80,43,40,13,25,2,71,,,,
141,Andrew Painter,PHI,4,5,4.82,16,16,77,332,76,45,41,12,29,1,71,,,,
142,Braxton Garrett,MIA,2,3,4.11,10,10,49,207,48,24,22,6,15,4,43,,,,
143,José Suarez,ATH,3,3,4.06,17,7,54,233,51,27,24,6,22,2,52,,,,
144,Adrian Morejon,SDP,6,3,3.33,44,1,46,189,39,18,17,3,14,1,48,,,,
145,Ryne Nelson,ARI,4,4,4.17,20,16,96,404,93,48,44,14,27,3,81,,,,
146,Andrew Alvarez,WSN,3,4,4.45,15,13,68,299,71,37,34,8,26,3,55,,,,
147,Cade Povich,BAL,4,4,4.55,15,14,72,314,72,40,37,10,27,2,68,,,,
148,Mike Burrows,HOU,4,4,4.31,19,16,82,349,77,43,39,13,28,3,80,,,,
149,Anthony Kay,CHW,3,6,4.78,16,14,81,357,84,47,43,12,32,6,67,,,,
150,Reynaldo López,ATL,4,3,3.86,22,10,65,276,59,30,28,8,24,1,66,,,,
151,J.T. Ginn,ATH,3,4,4.64,17,14,72,311,69,40,37,10,29,6,69,,,,
152,Tanner Gordon,COL,3,5,5.18,15,12,71,307,81,44,41,13,16,1,55,,,,
153,Aaron Ashby,MIL,5,4,3.66,32,5,59,255,50,26,24,4,30,4,66,,,,
154,Brandon Sproat,MIL,4,5,4.62,19,17,85,366,79,47,43,11,36,6,79,,,,
155,Zach Eflin,BAL,4,4,4.26,12,12,65,270,67,33,30,10,12,1,52,,,,
156,Roki Sasaki,LAD,3,4,4.54,15,12,64,274,60,35,32,10,24,5,71,,,,
157,Mitchell Parker,WSN,5,7,4.76,19,13,83,361,86,48,44,10,30,2,63,,,,
158,Keider Montero,DET,4,5,4.56,19,15,84,363,86,46,42,12,28,4,67,,,,
159,Troy Melton,DET,3,3,4.26,16,11,57,242,56,29,27,8,17,1,49,,,,
160,Didier Fuentes,ATL,4,4,4.11,16,12,55,234,52,27,25,7,18,4,56,,,,
161,Aroldis Chapman,BOS,3,1,2.75,38,0,33,138,24,11,10,2,15,1,48,,,,
162,Kodai Senga,NYM,5,4,4.03,15,15,75,322,66,36,33,10,35,2,75,,,,
163,Connor Prielipp,MIN,3,3,4.27,15,15,54,234,53,28,25,7,21,4,52,,,,
164,David Bednar,NYY,4,2,3.32,41,0,42,172,33,17,15,4,14,1,51,,,,
165,Martín Pérez,ATL,4,4,4.18,16,13,72,315,74,37,34,9,26,3,58,,,,
166,Ryan Weiss,HOU,4,6,4.62,17,13,80,349,76,45,41,13,34,5,81,,,,
167,Jacob Lopez,ATH,4,6,4.74,17,13,74,323,69,42,39,12,34,4,74,,,,
168,Slade Cecconi,CLE,4,6,4.44,17,15,86,364,86,46,42,14,23,4,72,,,,
169,Chase Dollander,COL,3,6,5.05,16,13,72,316,72,44,40,10,31,6,67,,,,
170,Kendry Rojas,MIN,2,3,4.46,14,12,49,217,49,27,25,5,21,3,45,,,,
171,Brant Hurter,DET,4,3,3.97,27,7,56,236,53,27,25,6,18,5,49,,,,
172,Tobias Myers,NYM,3,4,4.48,22,11,69,298,71,37,34,10,21,2,57,,,,
173,Coleman Crow,MIL,2,2,4.05,11,10,50,210,48,24,22,6,14,4,42,,,,
174,Spencer Arrighetti,HOU,5,5,4.22,13,12,64,280,56,33,30,8,33,5,67,,,,
175,Brent Headrick,NYY,3,2,3.98,26,4,44,182,39,21,19,5,13,2,47,,,,
176,Kyle Freeland,COL,4,8,5.23,17,17,86,381,101,55,50,15,24,4,67,,,,
177,Alex Vesia,LAD,3,2,3.22,44,0,38,159,28,15,14,4,16,2,50,,,,
178,Colin Rea,CHC,5,6,4.54,18,15,90,384,91,49,45,13,26,4,70,,,,
179,Mason Montgomery,PIT,2,2,3.89,32,7,51,217,46,24,22,6,20,2,57,,,,
180,Blade Tidwell,SFG,3,4,4.3,15,9,58,254,58,30,28,7,24,3,52,,,,
181,Tanner Scott,LAD,3,2,3.23,42,0,40,165,32,16,14,4,13,2,47,,,,
182,Elmer Rodríguez,NYY,4,5,4.67,14,14,71,311,69,40,37,9,31,3,60,,,,
183,Alan Rangel,PHI,2,3,5.04,13,11,60,259,62,36,33,9,20,1,50,,,,
184,Jeremiah Estrada,SDP,3,2,3.39,43,0,42,175,32,17,16,5,18,1,59,,,,
185,Trevor Megill,MIL,3,1,2.88,35,1,33,134,26,11,10,3,11,1,41,,,,
186,Steven Matz,TBR,3,3,4.29,23,7,52,225,54,27,25,7,17,1,47,,,,
187,Justin Verlander,DET,3,5,4.76,13,13,71,306,72,41,37,11,25,3,59,,,,
188,Shane Drohan,MIL,4,3,4.06,15,10,52,221,47,25,23,6,21,2,50,,,,
189,Zack Littell,WSN,4,7,4.83,19,16,98,420,108,57,53,18,22,3,71,,,,
190,Robert Gasser,MIL,3,3,4.32,11,9,46,194,43,24,22,6,16,5,44,,,,
191,Tyler Mahle,SFG,4,4,4.21,14,14,68,289,64,34,32,9,24,1,59,,,,
192,Patrick Corbin,TOR,3,6,5.41,16,16,81,363,95,53,49,12,28,3,65,,,,
193,Mason Barnett,ATH,2,3,4.78,14,13,68,298,67,39,36,9,30,4,58,,,,
194,Randy Vásquez,SDP,4,6,4.65,18,17,89,384,90,50,46,12,30,6,64,,,,
195,Jakob Junis,TEX,2,2,3.94,29,3,46,190,43,22,20,4,11,3,37,,,,
196,Johan Oviedo,BOS,3,3,4.46,12,11,53,228,49,28,26,7,22,4,51,,,,
197,José A. Ferrer,SEA,3,1,3.36,43,0,46,191,41,19,17,3,12,3,44,,,,
198,Tyler Wells,BAL,2,3,4.32,17,8,50,207,46,26,24,8,13,1,44,,,,
199,Sean Newcomb,CHW,2,2,3.88,29,2,51,220,50,24,22,5,18,4,47,,,,
200,Jordan Wicks,CHC,3,2,4.12,13,10,46,197,46,23,21,6,14,1,42,,,,
201,Will Dion,CLE,2,3,4.06,14,9,51,219,52,25,23,6,16,1,42,,,,
202,Aaron Civale,ATH,3,6,5.08,16,15,76,328,79,47,43,13,23,3,63,,,,
203,Jack Dreyer,LAD,2,2,3.95,38,2,43,179,36,20,19,5,15,1,45,,,,
204,Noah Schultz,CHW,3,5,4.89,15,15,62,276,61,37,34,7,30,7,55,,,,
205,Adrian Houser,SFG,4,5,4.46,17,15,86,373,91,46,42,10,29,4,58,,,,
206,Jeff Hoffman,TOR,5,3,3.18,42,0,43,174,32,16,15,5,15,3,55,,,,
207,Carlos Rodriguez,MIL,3,3,4.67,14,10,58,249,55,33,30,8,24,4,53,,,,
208,José Alvarado,PHI,3,1,3.3,35,0,32,134,26,13,12,2,12,2,39,,,,
209,Chris Paddack,CIN,3,6,5.11,17,15,82,355,89,51,47,16,22,2,66,,,,
210,Keaton Winn,SFG,2,2,3.9,21,6,41,176,40,19,18,4,13,2,37,,,,
211,Jonathan Cannon,CHW,3,6,4.98,15,12,69,302,73,41,38,10,25,4,52,,,,
212,Dylan Lee,ATL,3,1,3.13,43,0,41,168,35,16,14,5,11,0,49,,,,
213,Matt Brash,SEA,3,2,3.09,35,1,34,142,28,13,12,2,13,2,39,,,,
214,Brandon Young,BAL,3,4,4.72,12,12,57,248,60,33,30,9,19,1,48,,,,
215,Duncan Davitt,CHW,3,5,4.85,14,13,66,287,70,39,36,10,21,4,51,,,,
216,Trevor McDonald,SFG,4,5,4.19,17,13,78,335,78,40,37,9,25,9,64,,,,
217,Lucas Giolito,SDP,4,5,4.33,15,15,78,333,71,41,37,13,31,3,73,,,,
218,Walker Buehler,SDP,4,5,4.61,16,15,76,331,76,42,39,11,29,5,66,,,,
219,Ryan Johnson,LAA,2,3,4.65,16,7,42,183,43,23,22,6,15,1,38,,,,
220,Jake Woodford,MIL,3,3,4.04,21,7,60,251,56,29,27,7,19,3,45,,,,
221,Christian Scott,NYM,2,2,4.34,10,10,43,183,40,23,21,5,15,4,41,,,,
222,Cal Quantrill,TEX,3,5,5.12,16,13,70,304,72,43,40,10,24,4,52,,,,
223,Devin Williams,NYM,5,3,3.34,40,0,38,155,25,15,14,3,17,2,52,,,,
224,Brad Lord,WSN,3,4,4.48,27,9,71,304,72,38,35,9,21,5,54,,,,
225,Jared Koenig,MIL,3,2,3.68,31,3,40,169,36,18,16,4,14,2,40,,,,
226,Graham Ashcraft,CIN,3,3,4.09,43,0,45,192,41,22,20,3,18,2,45,,,,
227,Jose Quintana,COL,4,6,4.94,16,15,78,351,87,46,43,10,34,3,48,,,,
228,Jonathan Pintaro,NYM,2,2,4.19,14,8,39,172,38,20,18,4,17,4,38,,,,
229,Brendan Beck,NYY,4,4,4.6,12,11,58,248,58,32,30,9,16,2,45,,,,
230,Jacob Latz,TEX,1,2,4.36,28,4,51,218,45,27,24,6,23,1,50,,,,
231,Daniel Lynch IV,KCR,2,3,4.12,29,7,59,254,58,29,27,7,20,3,51,,,,
232,Michael Lorenzen,COL,4,7,5.01,17,17,88,387,95,53,49,15,32,4,65,,,,
233,Raisel Iglesias,ATL,3,1,3.18,37,0,36,146,30,14,13,4,8,1,40,,,,
234,Orion Kerkering,PHI,4,3,3.59,45,0,40,168,35,17,16,4,15,3,45,,,,
235,Will Vest,DET,4,3,3.54,38,0,40,168,35,17,16,3,13,1,41,,,,
236,Pete Fairbanks,MIA,3,2,3.39,36,0,34,142,28,14,13,3,13,1,38,,,,
237,Andrés Muñoz,SEA,4,2,3.12,40,0,40,163,28,15,14,4,15,3,54,,,,
238,Edwin Díaz,LAD,3,1,3.27,32,0,33,136,24,13,12,4,13,3,48,,,,
239,Ryan Gusto,MIA,3,4,4.63,13,9,53,233,56,30,27,7,20,2,44,,,,
240,Jake Irvin,WSN,5,7,4.81,19,19,100,432,101,58,53,16,35,6,82,,,,
241,Robbie Ray,SFG,5,7,4.43,18,18,98,424,93,53,48,16,39,3,96,,,,
242,Mason Englert,TBR,2,2,4.18,25,3,45,189,44,23,21,6,12,2,40,,,,
243,Gregory Soto,PIT,2,2,3.52,42,0,37,158,32,16,14,2,16,4,43,,,,
244,Abner Uribe,MIL,3,1,3.18,44,0,44,185,32,17,16,4,21,3,52,,,,
245,Bradgley Rodriguez,SDP,3,2,3.68,35,1,40,167,34,18,16,3,15,3,37,,,,
246,Luis Morales,ATH,3,5,4.79,17,12,67,291,64,38,35,10,29,2,60,,,,
247,Jedixson Paez,BOS,2,3,4.79,12,7,42,180,45,24,22,7,11,2,33,,,,
248,Ryan Helsley,BAL,3,2,3.23,34,0,34,143,28,13,12,3,13,1,41,,,,
249,Bryan Baker,TBR,2,2,3.79,42,0,40,169,34,18,17,5,15,1,46,,,,
250,Fernando Cruz,NYY,3,2,3.65,36,1,34,147,28,15,14,3,18,2,46,,,,
251,Tyler Uberstine,BOS,3,3,4.54,12,10,55,238,56,30,28,8,20,3,50,,,,
252,Chase Petty,CIN,3,7,5.58,15,15,66,295,70,45,41,10,29,3,47,,,,
253,Jack Kochanowicz,LAA,3,6,5.12,17,17,88,390,93,54,50,11,36,8,58,,,,
254,Mason Fluharty,TOR,3,2,3.68,44,1,40,169,34,18,16,4,16,2,45,,,,
255,Bailey Falter,KCR,3,5,4.77,15,13,67,289,68,39,35,10,23,1,47,,,,
256,Dylan Dodd,ATL,3,2,4.01,20,6,48,202,49,23,21,6,12,1,41,,,,
257,Braydon Fisher,TOR,3,2,3.59,40,2,43,182,35,19,17,4,20,2,49,,,,
258,Tyler Holton,DET,3,3,3.77,43,4,51,208,44,23,21,6,13,1,42,,,,
259,Kyle Hurt,LAD,2,2,4.5,19,7,42,182,37,23,21,6,20,2,47,,,,
260,Tyler Phillips,MIA,2,2,4.18,25,7,63,274,63,32,29,7,25,2,49,,,,
261,Robert Suarez,ATL,4,2,3.4,39,0,37,154,32,15,14,4,11,1,37,,,,
262,Matt Strahm,KCR,2,2,3.69,37,1,37,153,32,16,15,4,12,2,38,,,,
263,Kyle Hart,SDP,3,4,4.36,20,10,62,267,62,33,30,8,21,4,55,,,,
264,Paul Blackburn,NYY,3,4,4.84,17,8,52,226,53,30,28,7,19,2,40,,,,
265,Hunter Barco,PIT,1,2,4.55,15,11,50,218,48,27,25,6,23,5,46,,,,
266,Garrett Cleavinger,TBR,3,2,3.41,38,0,35,144,26,14,13,4,13,4,45,,,,
267,Wilber Dotel,PIT,3,5,4.61,15,13,62,271,64,34,32,8,23,4,49,,,,
268,Jonathan Bowlan,PHI,3,3,4.35,28,4,49,208,48,25,23,7,16,2,47,,,,
269,Sam Hentges,SFG,1,1,3.37,26,1,25,106,22,10,9,2,9,1,25,,,,
270,Mason Black,KCR,2,4,4.95,16,12,59,262,60,35,33,8,26,4,49,,,,
271,Tanner Banks,PHI,2,2,3.89,36,1,41,171,38,19,18,5,12,1,38,,,,
272,Luke Weaver,NYM,3,3,4.1,33,3,45,191,42,22,20,6,16,1,49,,,,
273,Mitch Spence,KCR,2,3,4.71,17,9,63,273,66,36,33,9,21,3,47,,,,
274,Hunter Harvey,CHC,2,1,3.24,26,1,26,107,22,10,9,3,7,1,29,,,,
275,Jovani Morán,BOS,2,2,4.13,25,3,33,145,30,17,15,3,16,1,38,,,,
276,Eduardo Rivera,BOS,2,3,4.65,11,8,42,188,41,24,22,5,21,2,39,,,,
277,JT Brubaker,SFG,1,1,4.41,18,7,46,205,48,25,23,5,20,2,38,,,,
278,Colton Gordon,HOU,3,4,4.74,15,12,67,289,70,38,35,12,20,3,57,,,,
279,Trey Gibson,BAL,3,4,4.78,14,12,59,257,58,34,31,8,23,5,52,,,,
280,Tomoyuki Sugano,COL,4,8,5.12,17,17,88,389,107,54,50,16,23,2,53,,,,
281,Cristian Javier,HOU,3,3,4.6,11,10,51,223,45,28,26,7,25,2,48,,,,
282,Kyle Leahy,STL,3,4,4.45,30,7,67,287,65,36,33,8,25,3,58,,,,
283,DL Hall,MIL,1,1,4.21,22,7,43,190,38,22,20,4,24,2,45,,,,
284,Paxton Schultz,WSN,3,3,4.33,23,4,47,206,48,25,23,6,18,1,44,,,,
285,Matt Waldron,SDP,3,5,5.07,14,12,66,283,68,40,37,10,21,4,55,,,,
286,Hunter Gaddis,CLE,3,2,3.82,34,4,46,195,42,21,20,6,15,3,45,,,,
287,JR Ritchie,ATL,3,4,4.62,14,14,71,306,67,39,36,9,29,6,62,,,,
288,Camilo Doval,NYY,3,2,3.95,44,0,41,174,34,20,18,4,17,2,46,,,,
289,Kai-Wei Teng,HOU,3,5,4.68,21,9,57,250,52,33,30,7,27,7,56,,,,
290,Doug Nikhazy,CHC,2,4,5.17,12,10,47,214,50,29,27,6,26,2,41,,,,
291,Tyler Alexander,TEX,4,5,4.79,29,4,60,254,61,34,32,9,16,2,49,,,,
292,Mark Leiter Jr.,ATH,3,2,3.93,35,1,35,149,32,17,15,4,13,2,38,,,,
293,Eric Orze,MIN,2,2,3.88,35,0,42,184,38,20,18,4,20,2,42,,,,
294,Mitch Farris,LAA,2,4,5.26,16,12,69,306,72,44,40,11,29,2,64,,,,
295,J.P. France,HOU,2,2,4.32,11,7,43,188,42,22,21,6,18,1,39,,,,
296,Max Scherzer,TOR,3,4,4.74,12,12,56,240,56,32,30,11,17,2,51,,,,
297,Cooper Criswell,SEA,3,3,4.29,20,8,56,240,56,29,27,7,17,5,47,,,,
298,Ryan Feltner,COL,2,4,5.48,12,12,56,252,60,37,34,9,26,2,48,,,,
299,Lance McCullers Jr.,HOU,3,3,4.66,12,11,50,221,46,28,26,7,26,3,50,,,,
300,Sammy Peralta,COL,1,3,5.77,16,3,35,161,44,25,23,4,12,2,29,,,,
301,Ty Madden,DET,2,2,4.68,11,9,48,212,48,27,25,7,20,2,43,,,,
302,Tommy Nance,TOR,2,1,3.6,31,1,34,144,32,15,13,4,11,2,35,,,,
303,Jordan Hicks,CHW,2,3,4.88,26,6,46,206,45,27,25,4,25,4,42,,,,
304,Jesse Scholtens,TBR,3,4,4.87,15,8,55,240,58,32,30,9,18,2,46,,,,
305,Robert Garcia,TEX,3,2,3.72,36,0,34,142,29,15,14,3,13,1,37,,,,
306,Kevin Ginkel,ARI,3,2,3.57,35,0,33,141,30,14,13,3,12,1,35,,,,
307,Kolby Allard,CLE,1,2,4.22,17,6,47,205,49,24,22,7,15,1,37,,,,
308,George Klassen,LAA,3,5,4.99,13,13,55,245,54,33,31,8,26,4,51,,,,
309,Gordon Graceffo,STL,3,4,4.44,28,7,61,264,62,33,30,7,21,2,47,,,,
310,Ryan Walker,SFG,4,3,3.59,40,1,40,168,35,17,16,3,14,3,42,,,,
311,Joel Kuhnel,ATH,2,2,4.01,32,1,36,153,39,17,16,4,9,2,25,,,,
312,Chase Solesky,TBR,2,3,5.08,12,11,54,240,59,33,31,9,19,2,37,,,,
313,Huascar Brazobán,NYM,2,2,4.11,34,3,41,177,37,20,19,4,19,2,39,,,,
314,Brooks Raley,NYM,2,1,3.74,32,1,28,117,23,13,12,2,11,3,28,,,,
315,Brady Basso,ATH,2,2,4.45,14,7,40,171,41,21,20,6,13,1,32,,,,
316,Luinder Avila,KCR,2,3,4.47,17,8,51,225,49,28,25,6,23,3,44,,,,
317,Jack Anderson,BOS,2,2,4.47,16,3,41,179,45,22,21,6,12,1,33,,,,
318,Erik Sabrowski,CLE,2,1,3.45,31,1,30,129,21,12,11,3,19,1,42,,,,
319,Luis Medina,ATH,2,3,4.85,14,8,43,189,41,25,23,4,21,4,37,,,,
320,Scott Barlow,ATH,2,2,3.92,43,1,40,173,34,19,17,4,19,4,44,,,,
321,Javier Assad,CHC,3,3,4.23,15,11,64,275,62,33,30,8,24,2,49,,,,
322,Bryan Hudson,CHW,2,2,4.37,34,2,37,161,35,20,18,4,16,2,36,,,,
323,Lucas Erceg,KCR,4,3,3.8,37,0,37,161,34,17,16,2,17,3,34,,,,
324,Jake Bird,NYY,2,2,4.11,38,0,44,185,37,22,20,4,18,5,49,,,,
325,Lazaro Estrada,TOR,2,3,4.81,13,9,48,204,49,28,25,7,15,3,40,,,,
326,Chase Silseth,LAA,2,2,4.36,23,6,42,183,38,22,20,5,21,2,43,,,,
327,José Urquidy,PIT,2,3,4.45,11,7,41,174,43,22,20,6,11,2,29,,,,
328,Peyton Gray,TEX,3,4,4.34,25,1,39,166,36,20,19,5,14,1,39,,,,
329,Grant Wolfram,BAL,3,2,3.67,29,0,35,149,32,15,14,3,13,3,36,,,,
330,Brandon Eisert,CHW,2,3,4.3,36,2,38,163,36,20,18,5,14,2,38,,,,
331,Cole Sands,MIN,3,3,4.11,34,2,40,169,37,20,18,5,13,2,39,,,,
332,Eduard Bazardo,SEA,3,2,3.59,40,0,43,181,37,19,17,4,15,2,43,,,,
333,Antonio Senzatela,COL,3,6,5.32,18,10,64,291,79,41,38,9,22,3,41,,,,
334,Yennier Cano,BAL,3,2,3.51,43,0,38,160,36,16,15,4,11,1,34,,,,
335,Brycen Mautz,STL,3,4,4.7,13,13,57,250,58,33,30,8,22,4,47,,,,
336,Danny Coulombe,BOS,1,1,3.6,32,1,25,108,23,11,10,2,10,1,23,,,,
337,Walbert Ureña,LAA,3,6,5.11,16,16,76,341,77,47,43,9,40,5,59,,,,
338,Spencer Miles,TOR,1,1,3.54,15,2,24,102,22,10,9,3,8,0,25,,,,
339,Dennis Santana,PIT,3,3,3.82,43,0,42,178,37,20,18,4,15,2,37,,,,
340,Bryan Abreu,HOU,3,2,3.54,43,0,43,183,33,18,17,5,24,3,56,,,,
341,Angel Zerpa,MIL,2,2,4.01,36,3,42,177,39,20,19,5,14,2,37,,,,
342,Brenan Hanifee,DET,2,2,4.04,30,3,40,169,42,19,18,4,10,2,28,,,,
343,AJ Blubaugh,HOU,4,5,4.69,23,10,72,315,69,41,37,11,33,2,63,,,,
344,Grant Holmes,ATL,3,3,4.46,17,9,56,245,54,30,28,8,24,2,54,,,,
345,Justin Sterner,ATH,3,3,4.12,37,1,40,171,36,20,18,5,14,2,42,,,,
346,Daniel Palencia,CHC,3,2,3.81,30,2,34,143,28,16,14,4,14,2,39,,,,
347,Hunter Dobbins,STL,2,3,4.68,9,8,44,190,46,25,23,5,15,2,31,,,,
348,Tyler Rogers,TOR,3,2,3.59,46,0,43,182,42,19,17,4,11,2,29,,,,
349,Jaden Hill,COL,2,2,4.34,29,2,32,139,29,17,16,3,13,4,35,,,,
350,Chayce McDermott,LAD,2,3,4.76,13,8,42,183,38,24,22,6,21,2,41,,,,
351,Chris Murphy,CHW,2,3,4.73,19,5,43,191,42,25,23,5,22,3,38,,,,
352,Casey Legumina,TBR,3,3,4.4,31,2,40,173,40,21,19,4,15,3,34,,,,
353,Steven Okert,HOU,1,1,3.83,39,1,37,155,31,17,16,5,13,2,41,,,,
354,Chris Martin,TEX,2,2,3.64,28,0,26,106,25,11,10,3,5,1,23,,,,
355,Cody Laweryson,MIN,2,2,4.15,20,1,29,122,28,14,13,3,9,2,26,,,,
356,Ryan Yarbrough,NYY,2,2,4.49,16,4,44,187,42,24,22,6,14,4,35,,,,
357,Colin Holderman,CLE,2,2,3.75,28,1,30,130,27,14,13,3,12,2,32,,,,
358,Ryan Watson,BOS,2,2,4.47,27,3,45,196,46,24,22,6,16,2,37,,,,
359,Easton McGee,MIL,2,1,3.99,18,3,34,143,32,17,15,4,10,2,29,,,,
360,Hogan Harris,ATH,2,3,4.24,33,5,58,254,51,29,27,7,32,3,58,,,,
361,Charlie Barnes,LAD,2,4,5.67,11,9,55,245,63,38,35,10,18,4,45,,,,
362,Evan Sisk,PIT,1,1,3.75,35,0,37,158,33,17,15,3,16,3,38,,,,
363,Tim Herrin,CLE,2,2,3.77,40,0,35,151,30,16,15,2,17,3,36,,,,
364,Enyel De Los Santos,HOU,2,2,3.7,39,0,40,165,35,18,16,5,12,2,39,,,,
365,Adam Macko,TOR,3,3,4.62,13,8,41,178,39,23,21,5,17,4,37,,,,
366,Clayton Beeter,WSN,2,2,4.34,23,5,40,175,34,21,19,5,22,2,47,,,,
367,Kevin Kelly,TBR,3,3,3.84,40,1,41,168,37,19,17,5,10,4,35,,,,
368,Jimmy Herget,COL,1,1,4.5,31,1,40,171,40,22,20,6,12,3,38,,,,
369,Yoendrys Gómez,MIN,2,3,5.01,23,10,57,253,57,35,32,9,26,5,57,,,,
370,Jared Shuster,STL,2,3,4.62,19,5,46,202,49,26,24,5,17,1,31,,,,
371,Joe Mantiply,TOR,2,1,4.05,28,1,28,117,29,14,12,3,7,1,23,,,,
372,A.J. Minter,NYM,3,2,3.54,30,0,27,112,23,12,11,3,9,1,30,,,,
373,Will Klein,LAD,3,2,4.12,32,0,38,167,33,19,18,3,20,2,40,,,,
374,Gabe Speier,SEA,2,2,3.54,38,0,32,132,27,14,13,3,10,2,36,,,,
375,Gus Varland,WSN,2,2,4.31,30,1,35,154,35,18,17,3,15,2,34,,,,
376,Zach Thornton,NYM,2,3,4.88,9,8,38,166,40,23,21,5,12,3,29,,,,
377,Isaac Mattson,PIT,2,2,3.79,35,1,39,168,35,18,16,4,18,2,36,,,,
378,Jake Bennett,BOS,2,3,4.83,10,10,40,174,44,23,21,5,13,2,26,,,,
379,Dylan Smith,SFG,2,2,4.49,16,4,30,129,31,16,15,3,11,1,25,,,,
380,Travis Adams,MIN,3,4,4.69,19,6,54,236,57,31,28,8,19,2,44,,,,
381,Griffin Canning,SDP,3,4,4.82,13,13,63,273,61,36,34,11,26,2,59,,,,
382,Luis Gil,NYY,3,4,5.09,12,11,55,242,50,34,31,10,28,3,54,,,,
383,Riley O'Brien,STL,2,2,3.54,37,0,39,167,34,17,15,3,16,5,42,,,,
384,Shawn Armstrong,CLE,2,1,3.76,34,2,34,145,31,16,14,4,12,2,36,,,,
385,Dax Fulton,MIA,3,4,4.74,11,10,52,232,53,30,27,6,26,3,42,,,,
386,Brandon Williamson,CIN,2,4,5.45,12,12,54,242,55,35,32,8,28,4,42,,,,
387,Jonathan Loáisiga,ARI,2,1,3.35,28,1,28,119,28,11,11,3,7,1,22,,,,
388,Anthony Bender,MIA,2,2,3.41,34,0,31,132,27,13,12,3,12,2,31,,,,
389,Taylor Rogers,MIN,2,2,4.03,36,0,32,138,30,16,14,3,13,2,32,,,,
390,Rico Garcia,BAL,2,2,4.06,33,1,35,153,32,17,16,5,16,1,40,,,,
391,Brennan Bernardino,COL,2,3,4.16,36,2,33,143,32,16,15,3,14,3,29,,,,
392,Ian Hamilton,ATL,1,1,3.74,24,1,28,120,25,13,12,3,13,1,29,,,,
393,Julian Fernández,WSN,1,2,4.42,25,2,29,124,28,15,14,3,11,1,28,,,,
394,Cole Sulser,TBR,2,2,4.16,29,1,33,141,32,16,15,4,12,1,28,,,,
395,Tristan Beck,SFG,2,2,4.2,21,3,43,182,42,22,20,5,13,2,34,,,,
396,Edgardo Henriquez,LAD,2,2,4.58,28,2,31,134,28,17,16,4,15,3,32,,,,
397,Brad Keller,PHI,3,3,4.49,33,4,51,221,49,28,25,7,20,2,48,,,,
398,Caleb Thielbar,CHC,3,2,4.01,34,0,28,118,25,14,13,3,10,0,28,,,,
399,Bryan King,HOU,2,2,3.72,38,0,40,166,36,18,16,5,13,4,38,,,,
400,Caleb Kilian,SFG,2,3,4.64,18,7,45,199,47,25,23,5,18,2,38,,,,
401,Keegan Akin,BAL,2,2,4.22,35,2,38,163,36,20,18,6,13,1,38,,,,
402,Connor Seabold,TOR,2,3,5.37,18,6,46,206,52,30,28,7,16,5,39,,,,
403,Sam Bachman,LAA,2,2,4.36,26,3,34,151,32,18,17,3,17,2,33,,,,
404,Tyler Kinley,ATL,3,3,4.19,40,0,38,163,33,19,18,5,16,1,43,,,,
405,JoJo Romero,STL,3,2,3.64,42,0,41,173,36,18,16,4,16,2,40,,,,
406,Cameron Foster,BAL,2,2,4.52,17,3,33,147,34,18,17,5,14,1,29,,,,
407,Ben Casparius,LAD,3,4,4.96,21,5,44,193,43,26,24,7,19,2,42,,,,
408,Alek Manoah,LAA,2,3,5,10,8,46,203,45,28,26,6,21,4,39,,,,
409,Anthony Molina,ATL,2,3,4.95,15,8,53,232,59,31,29,7,16,1,36,,,,
410,Ryan Fernandez,STL,2,2,4.03,31,0,35,150,31,17,16,4,15,1,40,,,,
411,Erik Miller,SFG,2,2,3.61,35,2,32,142,27,14,13,2,20,1,36,,,,
412,Keegan Thompson,COL,1,3,5,16,3,33,146,33,20,18,5,15,3,30,,,,
413,Brock Burke,CIN,2,3,4.45,42,1,41,179,40,22,20,5,17,1,39,,,,
414,Joey Gerber,NYM,1,1,4.26,18,4,24,101,23,12,11,3,8,1,23,,,,
415,Andrew Kittredge,BAL,2,2,3.73,32,1,31,129,30,14,13,4,8,1,30,,,,
416,Carl Edwards Jr.,DET,1,1,4.46,14,4,31,135,29,17,15,4,14,1,30,,,,
417,Andrew Hoffmann,ARI,3,3,4.37,21,6,46,201,46,24,22,6,19,2,42,,,,
418,Juan Mejia,COL,2,3,4.47,38,0,43,187,39,23,21,5,21,5,46,,,,
419,Albert Suárez,BAL,2,4,5.27,15,8,53,239,61,34,31,9,21,1,41,,,,
420,John Klein,MIN,3,5,4.86,14,8,50,217,51,29,27,7,18,5,42,,,,
421,Jason Adam,SDP,3,2,3.45,35,0,33,138,27,14,13,3,12,3,31,,,,
422,Sam Aldegheri,LAA,3,6,5.48,13,12,66,297,70,44,40,10,30,5,50,,,,
423,Brock Stewart,LAD,1,0,4.01,20,0,18,78,16,9,8,2,8,1,21,,,,
424,Taylor Rashi,ARI,2,2,3.99,24,1,37,162,36,18,16,4,16,1,37,,,,
425,José Fermin,LAA,3,3,4.46,33,1,34,149,30,19,17,4,17,2,36,,,,
426,Vince Velasquez,CHC,2,2,4.53,9,7,34,148,32,19,17,5,15,1,33,,,,
427,Yuki Matsui,SDP,1,1,4.05,32,0,34,147,29,17,15,4,17,1,36,,,,
428,Alex Lange,KCR,2,2,4.04,31,1,30,131,25,15,13,2,17,2,32,,,,
429,Pierce Johnson,CIN,2,2,4.62,38,0,34,147,34,19,17,5,13,1,36,,,,
430,Tyler Schweitzer,CHW,2,4,5.02,14,7,53,234,57,32,29,8,20,1,37,,,,
431,Osvaldo Bido,,1,5,6.1,18,7,53,242,60,39,36,8,25,6,47,,,,
432,Calvin Faucher,MIA,3,3,3.97,37,1,35,158,33,17,16,3,19,1,36,,,,
433,Kirby Yates,LAA,2,2,3.97,29,0,26,110,21,12,11,3,13,2,32,,,,
434,Jackson Rutledge,PHI,2,3,4.96,22,6,47,209,49,28,26,7,20,4,39,,,,
435,Caleb Ferguson,CIN,2,2,4.74,33,1,30,129,29,17,16,3,12,3,28,,,,
436,Richard Lovelady,WSN,1,2,4.73,31,2,32,143,34,18,17,3,13,3,30,,,,
437,Lake Bachar,MIA,2,2,4.11,31,1,42,182,38,21,19,6,18,2,46,,,,
438,Justin Slaten,BOS,2,2,4.2,24,1,26,111,24,13,12,3,10,1,26,,,,
439,Jake Eder,LAD,3,3,4.92,13,8,45,196,44,27,24,7,19,3,35,,,,
440,Anthony Nunez,BAL,3,3,4.12,36,0,37,156,32,18,17,5,14,3,41,,,,
441,Emilio Pagán,CIN,2,2,4.44,36,0,35,148,31,19,17,6,12,1,35,,,,
442,Michael Petersen,MIA,1,1,4.09,29,1,32,139,31,16,15,4,13,2,31,,,,
443,Jordan Romano,COL,2,2,4.45,28,0,25,107,23,13,12,4,10,2,28,,,,
444,Jason Alexander,HOU,2,4,4.88,14,11,63,280,69,37,34,10,23,3,48,,,,
445,Tim Hill,NYY,3,2,4.08,39,0,35,150,38,17,16,3,9,1,19,,,,
446,Bennett Sousa,HOU,1,1,3.9,24,0,25,106,21,12,11,3,11,1,28,,,,
447,Jose Franco,CIN,2,4,5.67,17,11,52,236,54,36,33,9,27,3,46,,,,
448,Brent Suter,LAA,1,2,4.38,30,2,41,178,43,22,20,5,14,1,33,,,,
449,Codi Heuer,CLE,1,1,3.75,22,0,25,108,24,11,10,3,10,2,26,,,,
450,Andrew Nardi,MIA,2,2,4.02,32,0,30,129,26,15,13,4,13,1,37,,,,
451,Miles Mikolas,WSN,3,7,5.41,17,15,85,371,98,55,51,16,22,2,56,,,,
452,Carlos Carrasco,ATL,2,4,5.45,14,12,60,269,72,39,36,10,19,4,45,,,,
453,Anthony Banda,MIN,1,2,4.34,39,2,38,165,36,20,18,4,17,4,35,,,,
454,Gregory Santos,SFG,1,1,3.82,22,0,24,106,24,11,10,1,11,2,20,,,,
455,Nick Mears,KCR,2,3,4.53,37,0,34,147,32,18,17,3,15,1,30,,,,
456,Sam Moll,CIN,2,2,4.62,36,0,31,135,27,17,16,3,15,3,32,,,,
457,Blake Treinen,LAD,2,2,4.31,27,1,23,99,22,12,11,3,9,1,24,,,,
458,Germán Márquez,SDP,4,7,5.48,14,14,74,324,79,49,45,13,27,3,57,,,,
459,Cole Wilcox,SEA,2,3,4.55,20,7,49,216,49,27,25,6,22,3,40,,,,
460,Austin Warren,NYM,3,3,4.38,23,2,33,144,31,18,16,4,13,2,32,,,,
461,Shaun Anderson,LAA,2,4,5.46,16,9,60,267,70,40,36,11,19,2,42,,,,
462,Ryne Stanek,STL,2,2,4.26,39,0,34,153,30,18,16,3,20,1,37,,,,
463,Luke Little,CHC,1,1,4.18,24,1,30,130,23,15,14,3,17,3,33,,,,
464,Jacob Webb,CHC,2,2,4.03,37,0,40,167,34,19,18,5,15,2,40,,,,
465,Jose Espada,BAL,2,2,4.65,20,1,28,123,26,16,14,4,14,1,28,,,,
466,Kody Funderburk,MIN,2,3,4.23,32,1,39,173,38,20,18,4,19,3,36,,,,
467,Cole Winn,TEX,2,3,4.69,28,3,47,207,43,27,25,5,23,3,42,,,,
468,Franco Aleman,CLE,2,2,4.47,18,1,22,95,20,12,11,3,10,2,23,,,,
469,Ty Blach,CHC,1,2,5.06,11,7,41,176,46,25,23,6,9,2,26,,,,
470,Yerry De los Santos,NYY,1,1,4.22,24,0,30,128,28,15,14,3,12,1,24,,,,
471,Zak Kent,WSN,1,2,4.86,20,3,32,140,32,19,17,4,14,2,29,,,,
472,Jameson Taillon,CHC,4,6,5.1,17,17,91,389,94,56,51,19,25,2,73,,,,
473,Carter Baumler,TEX,1,1,4.91,17,1,23,100,21,14,12,3,12,1,21,,,,
474,Hoby Milner,CHC,2,1,4.19,40,0,38,160,38,19,18,4,11,2,29,,,,
475,Paul Sewald,ARI,2,2,4.09,30,1,27,113,24,13,12,4,9,1,28,,,,
476,Luis García,,1,1,4.9,33,1,31,138,35,18,17,3,12,2,23,,,,
477,Seranthony Domínguez,CHW,3,4,4.4,41,0,37,162,32,20,18,6,19,2,43,,,,
478,Garrett Acton,MIN,2,2,4.52,24,2,30,130,28,16,15,4,14,1,30,,,,
479,Tyler Samaniego,BOS,2,2,4.11,24,1,26,114,25,13,12,3,11,2,22,,,,
480,Ron Marinaccio,SDP,2,2,4.38,33,0,42,177,36,22,20,5,17,3,40,,,,
481,Matt Gage,SFG,2,2,4.17,36,1,35,151,35,17,16,4,13,1,29,,,,
482,Greg Weissert,BOS,3,3,4.27,43,0,41,174,39,21,19,5,15,2,38,,,,
483,Juan Morillo,ARI,2,1,3.87,37,0,33,145,31,15,14,3,17,2,33,,,,
484,Ryan Zeferjahn,LAA,3,3,4.4,33,1,38,164,31,20,18,4,21,5,43,,,,
485,Riley Martin,CHC,2,2,4.38,24,1,33,144,29,17,16,4,17,2,35,,,,
486,Joey Lucchesi,LAA,2,2,4.84,20,4,41,182,44,24,22,6,17,1,31,,,,
487,Erick Fedde,CHW,3,7,5.61,18,14,84,378,95,57,52,15,34,2,61,,,,
488,Trevor Richards,CHW,0,1,5.42,26,1,32,143,33,21,19,5,14,1,33,,,,
489,Welinton Herrera,COL,2,3,4.4,27,0,32,141,32,17,16,4,13,3,32,,,,
490,Victor Mederos,ATL,3,4,5.12,12,10,55,242,57,34,31,8,23,6,40,,,,
491,Tim Mayza,PHI,1,1,4.2,31,1,28,122,29,14,13,4,9,1,27,,,,
492,Eric Lauer,LAD,4,6,5.56,18,12,70,312,78,47,43,15,25,2,61,,,,
493,Kyle Backhus,PHI,2,2,4.43,30,0,30,128,28,16,15,4,11,2,30,,,,
494,Taylor Clarke,ARI,2,1,4.11,33,2,37,156,38,18,17,5,10,2,26,,,,
495,Yaramil Hiraldo,BAL,0,1,4.68,24,1,31,132,29,17,16,5,11,0,32,,,,
496,Chase Shugart,PHI,2,3,4.62,27,2,38,164,38,21,19,5,14,3,32,,,,
497,John Schreiber,KCR,2,2,4.44,41,0,37,159,35,20,18,4,14,2,32,,,,
498,Nolan Hoffman,PHI,1,2,5,23,1,31,134,31,18,17,4,13,3,29,,,,
499,John King,MIA,1,1,3.97,36,0,34,151,38,17,15,3,11,2,25,,,,
500,Tanner Andrews,TOR,1,2,4.53,13,0,21,93,21,12,11,3,9,1,18,,,,
501,Paul Gervase,LAD,2,2,4.66,24,1,32,139,28,18,16,5,16,2,35,,,,
502,Tyler Gilbert,CHW,1,2,5.34,21,3,31,137,32,20,18,5,13,1,28,,,,
503,Elvis Alvarado,ATH,2,2,4.19,33,0,36,158,33,18,17,5,17,2,37,,,,
504,Yariel Rodríguez,TOR,2,2,4.63,29,4,40,174,36,22,20,6,20,2,40,,,,
505,PJ Poulin,WSN,2,3,4.66,36,4,39,173,38,22,20,5,19,2,37,,,,
506,Jonathan Hernández,LAD,1,1,4.5,22,1,26,113,24,14,13,3,13,1,24,,,,
507,Jordan Leasure,CHW,2,4,4.99,38,1,36,155,32,22,20,7,16,1,41,,,,
508,Riley Cornelio,WSN,2,5,5.24,12,12,55,250,61,35,32,8,26,2,41,,,,
509,Hunter Bigge,TBR,1,1,4.32,24,0,27,118,25,14,13,3,15,1,26,,,,
510,Peyton Pallette,CLE,2,2,4.4,27,3,40,175,36,21,19,5,20,4,42,,,,
511,Christian Roa,CHC,3,3,4.55,21,4,38,170,35,21,19,5,21,4,37,,,,
512,Connor Phillips,CIN,2,4,5.29,29,6,51,233,47,33,30,7,33,4,55,,,,
513,Joel Payamps,ATL,2,2,4.07,33,0,30,129,29,15,14,4,10,1,29,,,,
514,Nate Pearson,HOU,1,1,4.58,24,1,28,125,27,16,14,4,13,2,28,,,,
515,Kyle Nicolas,CIN,1,3,5.24,30,3,42,189,39,26,24,6,25,3,42,,,,
516,Lou Trivino,PHI,1,2,4.81,24,1,24,108,25,14,13,3,11,2,22,,,,
517,Michael Kelly,ATH,1,2,4.51,22,0,23,101,23,13,12,2,10,1,20,,,,
518,Zack Kelly,BOS,2,2,4.43,31,1,36,159,33,19,18,4,18,3,34,,,,
519,Ryan Borucki,SFG,2,2,4.19,31,1,28,122,26,14,13,3,12,3,26,,,,
520,Matt Svanson,STL,2,2,4.18,35,1,49,211,46,25,23,6,19,4,46,,,,
521,Ken Waldichuk,WSN,2,3,5.38,12,8,43,191,43,28,26,7,21,3,41,,,,
522,José Buttó,SFG,2,2,4.03,31,1,37,158,33,18,17,4,16,2,33,,,,
523,Chase Lee,TOR,1,2,4.4,26,1,32,137,31,17,16,5,11,2,31,,,,
524,Brooks Kriske,ATH,1,1,4.72,20,0,24,105,22,14,13,4,12,1,26,,,,
525,Victor Vodnik,COL,2,3,4.49,35,0,37,165,36,20,18,4,20,1,33,,,,
526,Justin Topa,,1,2,4.87,33,1,32,144,35,19,18,4,12,2,25,,,,
527,Trevor Martin,TBR,2,3,5.14,17,7,44,195,48,28,25,8,15,3,36,,,,
528,Carlos Estévez,KCR,2,3,4.41,31,0,30,128,27,16,15,4,12,1,25,,,,
529,Ryan Thompson,ARI,3,2,3.81,35,0,30,130,30,14,13,3,9,1,24,,,,
530,Ethan Roberts,CHC,1,1,4.22,25,1,28,120,26,14,13,3,12,3,27,,,,
531,Brian Fitzpatrick,MIL,2,2,4.71,17,1,30,132,29,17,16,4,14,1,27,,,,
532,Ricky Vanasco,DET,1,2,5.01,15,3,25,111,24,15,14,4,14,1,24,,,,
533,Orlando Ribalta,WSN,1,1,4.55,23,0,23,104,23,13,12,3,12,1,21,,,,
534,Nick Raquet,BAL,3,4,4.91,19,1,30,133,33,18,17,5,11,2,26,,,,
535,Justin Lawrence,PIT,2,3,4.39,33,0,34,151,31,18,17,4,18,5,37,,,,
536,Alex Hoppe,SEA,1,2,4.29,24,0,35,152,33,18,16,4,16,1,33,,,,
537,Hunter Stratton,ATL,1,1,4.35,23,0,28,119,27,14,13,4,10,2,26,,,,
538,Drew Pomeranz,LAA,1,2,4.86,35,2,31,134,30,18,17,5,11,3,30,,,,
539,Matt Pushard,STL,2,2,4.12,26,1,31,134,30,15,14,4,12,1,28,,,,
540,Kyle Finnegan,DET,2,2,4.45,37,1,37,162,36,20,18,4,17,0,31,,,,
541,Joe Ross,TEX,1,1,4.48,18,3,31,139,33,17,15,4,13,2,23,,,,
542,Chris Devenski,PIT,1,1,4.45,22,1,24,103,25,13,12,4,7,1,19,,,,
543,Jalen Beeks,TEX,2,3,4.71,37,2,40,174,39,23,21,6,16,2,36,,,,
544,Brendon Little,TOR,2,2,4.22,36,0,34,152,30,17,16,4,19,2,39,,,,
545,Philip Abner,ARI,1,1,4.09,28,0,29,126,28,14,13,4,12,2,27,,,,
546,Matt Festa,CLE,2,3,4.55,36,0,37,155,34,20,18,5,13,3,37,,,,
547,Alimber Santa,HOU,1,1,4.25,22,1,32,144,30,17,15,4,17,2,31,,,,
548,Kervin Castro,NYY,1,2,4.61,19,0,23,101,21,13,12,3,11,1,21,,,,
549,Jonathan Heasley,TBR,1,3,5.44,13,6,41,181,46,27,25,7,14,2,29,,,,
550,Brandyn Garcia,ARI,3,3,4.47,25,4,39,173,38,21,20,4,18,7,34,,,,
551,Aaron Brooks,TBR,2,4,5.59,11,7,42,192,51,29,26,7,15,2,24,,,,
552,David Morgan,SDP,2,2,4.3,30,1,36,157,32,19,17,4,16,3,38,,,,
553,Grant Anderson,MIL,3,2,4.29,39,0,42,181,39,22,20,6,17,2,43,,,,
554,Seth Halvorsen,COL,1,2,4.82,25,0,25,114,25,15,14,3,14,1,24,,,,
555,Seth Johnson,PHI,2,3,5.02,22,5,38,172,39,23,21,6,19,1,34,,,,
556,Blas Castaño,COL,1,5,6.42,15,11,54,255,72,42,39,8,22,7,36,,,,
557,Wandy Peralta,SDP,2,2,4.13,40,1,40,174,37,20,18,4,18,3,33,,,,
558,Valente Bellozo,COL,1,3,5.63,16,7,53,237,61,36,33,11,19,2,37,,,,
559,Tejay Antone,CIN,0,1,5.54,10,1,14,60,14,9,8,2,6,1,12,,,,
560,Kenley Jansen,DET,2,3,4.59,34,0,30,129,27,17,15,5,12,1,31,,,,
561,Cade Gibson,MIA,2,3,4.48,21,3,41,177,41,22,20,5,16,5,33,,,,
562,Tyler Ferguson,CHC,1,2,4.88,30,0,33,143,30,19,18,4,16,3,32,,,,
563,Tayler Saucedo,LAA,1,1,4.77,20,0,18,80,18,10,10,2,8,2,17,,,,
564,Phil Maton,CHC,2,2,4.1,38,0,36,153,30,18,17,4,15,5,38,,,,
565,Gavin Collyer,TEX,2,3,5.03,27,2,37,165,33,22,21,4,22,6,37,,,,
566,Tyler Davis,CHW,2,3,4.85,24,0,30,133,29,17,16,4,16,1,28,,,,
567,Brandan Bidois,PIT,1,2,4.54,22,0,28,122,26,15,14,4,14,1,27,,,,
568,Jayden Murray,HOU,1,1,4.61,25,2,39,171,38,22,20,5,17,4,31,,,,
569,Nick Sandlin,DET,2,2,4.74,30,1,28,120,25,16,15,4,13,3,28,,,,
570,Cam Sanders,PIT,1,2,4.82,23,2,30,137,28,18,16,4,19,3,30,,,,
571,Josh Walker,BAL,1,1,4.66,20,0,23,104,24,13,12,4,11,1,22,,,,
572,Craig Kimbrel,TBR,2,3,4.57,33,0,31,134,27,17,16,4,16,2,34,,,,
573,Connor Brogdon,CLE,2,3,4.64,32,1,36,155,35,20,18,6,14,2,37,,,,
574,Nick Davila,SEA,2,2,4.78,18,3,33,145,35,19,18,4,12,1,22,,,,
575,Alec Gamboa,BOS,2,3,5.01,11,3,28,130,31,17,16,3,15,1,18,,,,
576,Zach Pop,PHI,1,2,4.93,24,0,24,105,25,14,13,3,8,1,19,,,,
577,Cionel Pérez,NYM,2,2,4.88,30,0,30,136,30,18,16,2,17,2,24,,,,
578,Steven Cruz,KCR,1,2,4.98,32,1,32,139,29,19,18,5,15,2,33,,,,
579,Yohan Ramírez,PIT,2,3,4.36,33,0,41,179,37,22,20,4,19,9,45,,,,
580,Cody Bolton,HOU,1,1,4.73,18,3,30,134,29,17,16,4,16,2,27,,,,
581,George Soriano,STL,2,2,4.71,34,1,45,196,43,26,24,6,18,4,42,,,,
582,Taijuan Walker,LAA,3,6,5.55,17,12,69,306,76,46,42,13,26,3,48,,,,
583,Roddery Muñoz,HOU,2,3,4.93,19,5,46,201,42,27,25,9,23,2,50,,,,
584,Alek Jacob,SDP,1,2,4.78,26,0,31,134,29,18,16,4,13,4,29,,,,
585,Domingo Gonzalez,SEA,1,2,4.32,23,1,32,140,30,17,15,4,15,3,29,,,,
586,Corbin Martin,CHC,1,2,5.12,21,2,31,138,30,19,17,4,17,1,29,,,,
587,Justin Bruihl,STL,1,2,4.53,36,0,37,160,35,20,18,3,16,5,31,,,,
588,Trent Thornton,CHC,2,2,4.52,23,0,27,113,26,15,13,4,8,1,21,,,,
589,Burch Smith,DET,1,1,4.86,19,0,22,98,23,13,12,3,9,1,21,,,,
590,Josh Ekness,MIA,1,2,4.54,26,0,30,131,28,16,15,3,15,5,29,,,,
591,Luis Curvelo,TEX,1,2,5.22,26,0,31,134,30,20,18,5,12,2,28,,,,
592,Chris Roycroft,STL,2,2,4.62,28,0,35,157,36,20,18,4,18,2,28,,,,
593,Eric Cerantola,KCR,1,2,4.91,19,2,29,130,27,17,16,4,17,3,30,,,,
594,Zach Agnos,COL,1,2,4.94,27,0,36,158,37,22,20,5,13,1,28,,,,
595,Josh Fleming,TOR,2,3,4.81,20,2,40,177,47,23,21,5,12,2,19,,,,
596,Andre Granillo,WSN,1,2,4.98,25,0,33,148,33,20,18,5,16,1,31,,,,
597,Logan VanWey,HOU,1,1,4.58,21,0,24,105,22,13,12,3,13,2,24,,,,
598,Aaron Bummer,CHC,1,2,4.84,30,1,31,137,31,18,17,4,14,3,32,,,,
599,Angel Chivilli,NYY,1,2,5.09,27,0,36,154,34,22,20,6,14,2,35,,,,
600,Eli Morgan,KCR,1,2,4.87,24,0,28,124,29,17,15,5,11,1,24,,,,
601,Ryan Rolison,CHC,2,2,4.8,26,2,38,168,39,22,20,6,15,1,31,,,,
602,Rolddy Muñoz,ATL,1,1,4.81,20,2,30,136,31,18,16,4,16,2,27,,,,
603,Tony Santillan,CIN,2,3,5.16,45,0,42,182,39,26,24,7,20,3,44,,,,
604,Cole Henry,WSN,1,2,5.22,27,1,28,124,25,18,16,4,16,4,28,,,,
605,Gavin Hollowell,CHC,1,2,5.09,19,0,23,101,21,14,13,3,13,2,23,,,,
606,Josh Simpson,SEA,2,2,4.85,26,1,29,126,26,17,15,4,15,2,32,,,,
607,Zach Maxwell,CIN,1,2,5.24,30,0,31,138,29,19,18,5,18,1,33,,,,
608,Joel Peguero,SFG,1,2,4.41,27,0,32,141,33,17,16,3,14,2,23,,,,
609,Wyatt Mills,LAD,1,2,5.58,18,3,24,110,24,16,15,4,14,4,21,,,,
610,Yovanny Cruz,NYY,1,2,5.06,16,0,25,109,23,15,14,4,13,4,24,,,,
611,Luis Mey,CIN,2,3,5.5,30,0,31,141,29,20,19,4,21,3,33,,,,
612,William Kempner,MIA,2,3,5.13,23,1,29,132,28,18,17,4,17,4,28,,,,
613,Lucas Sims,CHW,1,3,5.97,28,0,26,120,23,19,17,4,19,4,26,,,,
614,David Sandlin,CHW,2,4,4.92,14,7,45,199,49,27,25,7,15,1,38,,,,
615,Kade Morris,ATH,0,0,4.1,19,6,0,0,,37,163,34,18,17,5,15,,2,36